Timestamp,AT_openmeteo_C,wiatr_m_s,naslonecznienie_sekundy
2026-04-15 00:00:00,11.0,2.69,0.0
2026-04-15 00:15:00,10.9,2.78,0.0
2026-04-15 00:30:00,10.7,2.61,0.0
2026-04-15 00:45:00,10.6,2.47,0.0
2026-04-15 01:00:00,10.5,2.36,0.0
2026-04-15 01:15:00,10.4,2.36,0.0
2026-04-15 01:30:00,10.3,2.5,0.0
2026-04-15 01:45:00,10.2,2.56,0.0
2026-04-15 02:00:00,10.1,2.56,0.0
2026-04-15 02:15:00,10.0,2.56,0.0
2026-04-15 02:30:00,10.0,2.42,0.0
2026-04-15 02:45:00,9.9,2.28,0.0
2026-04-15 03:00:00,9.9,2.14,0.0
2026-04-15 03:15:00,9.8,2.06,0.0
2026-04-15 03:30:00,9.8,2.14,0.0
2026-04-15 03:45:00,9.8,2.06,0.0
2026-04-15 04:00:00,9.7,2.06,0.0
2026-04-15 04:15:00,9.7,1.97,0.0
2026-04-15 04:30:00,9.7,1.92,0.0
2026-04-15 04:45:00,9.6,1.86,0.0
2026-04-15 05:00:00,9.6,1.81,0.0
2026-04-15 05:15:00,9.5,1.69,0.0
2026-04-15 05:30:00,9.5,1.53,0.0
2026-04-15 05:45:00,9.4,1.5,0.0
2026-04-15 06:00:00,9.3,1.44,0.0
2026-04-15 06:15:00,9.3,1.5,0.0
2026-04-15 06:30:00,9.2,1.67,0.0
2026-04-15 06:45:00,9.1,1.75,0.0
2026-04-15 07:00:00,9.1,1.81,0.0
2026-04-15 07:15:00,9.0,1.72,0.0
2026-04-15 07:30:00,9.0,1.58,0.0
2026-04-15 07:45:00,9.0,1.44,0.0
2026-04-15 08:00:00,9.1,1.36,0.0
2026-04-15 08:15:00,9.2,1.33,0.0
2026-04-15 08:30:00,9.3,1.42,0.0
2026-04-15 08:45:00,9.5,1.42,693.15
2026-04-15 09:00:00,9.7,1.5,228.0
2026-04-15 09:15:00,9.9,1.42,289.21
2026-04-15 09:30:00,10.1,1.42,741.72
2026-04-15 09:45:00,10.3,1.42,658.95
2026-04-15 10:00:00,10.6,1.44,378.1
2026-04-15 10:15:00,10.8,1.53,151.76
2026-04-15 10:30:00,11.1,1.53,0.0
2026-04-15 10:45:00,11.4,1.67,152.35
2026-04-15 11:00:00,11.7,1.67,234.04
2026-04-15 11:15:00,12.0,1.58,900.0
2026-04-15 11:30:00,12.4,1.56,900.0
2026-04-15 11:45:00,12.7,1.5,900.0
2026-04-15 12:00:00,13.0,1.42,900.0
2026-04-15 12:15:00,13.4,1.5,900.0
2026-04-15 12:30:00,13.7,1.56,900.0
2026-04-15 12:45:00,14.0,1.58,900.0
2026-04-15 13:00:00,14.3,1.67,900.0
2026-04-15 13:15:00,14.4,1.75,900.0
2026-04-15 13:30:00,14.4,1.75,900.0
2026-04-15 13:45:00,14.4,1.75,900.0
2026-04-15 14:00:00,14.4,1.75,900.0
2026-04-15 14:15:00,14.5,1.61,458.24
2026-04-15 14:30:00,14.6,1.39,71.92
2026-04-15 14:45:00,14.7,1.19,0.0
2026-04-15 15:00:00,14.9,0.97,43.79
2026-04-15 15:15:00,15.0,0.86,0.0
2026-04-15 15:30:00,15.1,0.61,452.44
2026-04-15 15:45:00,15.3,0.5,102.19
2026-04-15 16:00:00,15.5,0.53,0.0
2026-04-15 16:15:00,15.7,0.81,216.18
2026-04-15 16:30:00,16.1,1.11,900.0
2026-04-15 16:45:00,16.4,1.47,900.0
2026-04-15 17:00:00,16.6,1.67,900.0
2026-04-15 17:15:00,16.6,1.61,900.0
2026-04-15 17:30:00,16.6,1.44,900.0
2026-04-15 17:45:00,16.6,1.19,900.0
2026-04-15 18:00:00,16.5,1.03,900.0
2026-04-15 18:15:00,16.4,0.78,763.47
2026-04-15 18:30:00,16.3,0.92,393.02
2026-04-15 18:45:00,16.2,1.36,588.7
2026-04-15 19:00:00,16.0,1.56,57.89
2026-04-15 19:15:00,15.8,1.39,0.0
2026-04-15 19:30:00,15.6,1.03,0.0
2026-04-15 19:45:00,15.4,0.58,0.0
2026-04-15 20:00:00,15.1,0.11,0.0
2026-04-15 20:15:00,14.7,0.42,0.0
2026-04-15 20:30:00,14.2,0.86,0.0
2026-04-15 20:45:00,13.7,1.28,0.0
2026-04-15 21:00:00,13.3,1.56,0.0
2026-04-15 21:15:00,13.1,1.56,0.0
2026-04-15 21:30:00,12.9,1.28,0.0
2026-04-15 21:45:00,12.8,0.92,0.0
2026-04-15 22:00:00,12.6,0.72,0.0
2026-04-15 22:15:00,12.3,0.58,0.0
2026-04-15 22:30:00,12.0,0.5,0.0
2026-04-15 22:45:00,11.7,0.5,0.0
2026-04-15 23:00:00,11.4,0.42,0.0
2026-04-15 23:15:00,11.3,0.36,0.0
2026-04-15 23:30:00,11.2,0.22,0.0
2026-04-15 23:45:00,11.2,0.31,0.0
2026-04-16 00:00:00,11.1,0.31,0.0
2026-04-16 00:15:00,10.9,0.31,0.0
2026-04-16 00:30:00,10.7,0.31,0.0
2026-04-16 00:45:00,10.5,0.28,0.0
2026-04-16 01:00:00,10.4,0.36,0.0
2026-04-16 01:15:00,10.3,0.28,0.0
2026-04-16 01:30:00,10.2,0.19,0.0
2026-04-16 01:45:00,10.2,0.28,0.0
2026-04-16 02:00:00,10.2,0.36,0.0
2026-04-16 02:15:00,10.2,0.44,0.0
2026-04-16 02:30:00,10.2,0.5,0.0
2026-04-16 02:45:00,10.2,0.5,0.0
2026-04-16 03:00:00,10.2,0.5,0.0
2026-04-16 03:15:00,10.1,0.5,0.0
2026-04-16 03:30:00,10.0,0.5,0.0
2026-04-16 03:45:00,9.8,0.5,0.0
2026-04-16 04:00:00,9.6,0.44,0.0
2026-04-16 04:15:00,9.3,0.31,0.0
2026-04-16 04:30:00,8.9,0.19,0.0
2026-04-16 04:45:00,8.5,0.14,0.0
2026-04-16 05:00:00,8.2,0.22,0.0
2026-04-16 05:15:00,8.2,0.31,0.0
2026-04-16 05:30:00,8.3,0.5,0.0
2026-04-16 05:45:00,8.4,0.64,0.0
2026-04-16 06:00:00,8.5,0.69,0.0
2026-04-16 06:15:00,8.5,0.78,0.0
2026-04-16 06:30:00,8.5,0.94,0.0
2026-04-16 06:45:00,8.5,0.97,0.0
2026-04-16 07:00:00,8.5,1.08,0.0
2026-04-16 07:15:00,8.5,1.08,0.0
2026-04-16 07:30:00,8.5,1.08,0.0
2026-04-16 07:45:00,8.6,1.11,0.0
2026-04-16 08:00:00,8.7,1.11,0.0
2026-04-16 08:15:00,9.0,1.17,373.17
2026-04-16 08:30:00,9.4,1.22,250.07
2026-04-16 08:45:00,9.9,1.28,806.71
2026-04-16 09:00:00,10.3,1.19,756.87
2026-04-16 09:15:00,10.8,1.0,900.0
2026-04-16 09:30:00,11.3,0.69,900.0
2026-04-16 09:45:00,11.9,0.36,900.0
2026-04-16 10:00:00,12.4,0.28,900.0
2026-04-16 10:15:00,12.9,0.5,900.0
2026-04-16 10:30:00,13.4,1.03,900.0
2026-04-16 10:45:00,13.9,1.47,900.0
2026-04-16 11:00:00,14.4,1.75,900.0
2026-04-16 11:15:00,14.8,1.72,900.0
2026-04-16 11:30:00,15.3,1.56,900.0
2026-04-16 11:45:00,15.7,1.39,900.0
2026-04-16 12:00:00,16.0,1.28,900.0
2026-04-16 12:15:00,16.3,1.25,628.83
2026-04-16 12:30:00,16.6,1.25,109.73
2026-04-16 12:45:00,16.8,1.25,900.0
2026-04-16 13:00:00,17.0,1.11,900.0
2026-04-16 13:15:00,17.1,0.94,900.0
2026-04-16 13:30:00,17.2,1.08,579.92
2026-04-16 13:45:00,17.3,1.53,14.09
2026-04-16 14:00:00,17.4,1.81,900.0
2026-04-16 14:15:00,17.5,1.81,0.0
2026-04-16 14:30:00,17.6,1.75,79.65
2026-04-16 14:45:00,17.7,1.58,342.03
2026-04-16 15:00:00,17.6,1.44,0.0
2026-04-16 15:15:00,17.4,1.39,0.0
2026-04-16 15:30:00,17.0,1.44,0.0
2026-04-16 15:45:00,16.6,1.36,0.0
2026-04-16 16:00:00,16.4,1.42,0.0
2026-04-16 16:15:00,16.6,1.5,0.0
2026-04-16 16:30:00,16.9,1.64,237.21
2026-04-16 16:45:00,17.3,1.64,900.0
2026-04-16 17:00:00,17.6,1.67,900.0
2026-04-16 17:15:00,17.6,1.67,775.45
2026-04-16 17:30:00,17.5,1.56,755.68
2026-04-16 17:45:00,17.4,1.5,900.0
2026-04-16 18:00:00,17.3,1.5,900.0
2026-04-16 18:15:00,17.3,1.31,365.84
2026-04-16 18:30:00,17.2,1.14,515.27
2026-04-16 18:45:00,17.2,0.86,0.0
2026-04-16 19:00:00,17.1,0.75,0.0
2026-04-16 19:15:00,17.0,0.86,0.0
2026-04-16 19:30:00,16.9,0.97,0.0
2026-04-16 19:45:00,16.7,1.17,0.0
2026-04-16 20:00:00,16.4,1.31,0.0
2026-04-16 20:15:00,16.0,1.33,0.0
2026-04-16 20:30:00,15.3,1.31,0.0
2026-04-16 20:45:00,14.7,1.28,0.0
2026-04-16 21:00:00,14.3,1.28,0.0
2026-04-16 21:15:00,14.0,1.14,0.0
2026-04-16 21:30:00,13.9,0.97,0.0
2026-04-16 21:45:00,13.9,0.92,0.0
2026-04-16 22:00:00,13.8,0.81,0.0
2026-04-16 22:15:00,13.6,0.61,0.0
2026-04-16 22:30:00,13.4,0.31,0.0
2026-04-16 22:45:00,13.1,0.11,0.0
2026-04-16 23:00:00,12.9,0.31,0.0
2026-04-16 23:15:00,12.6,0.5,0.0
2026-04-16 23:30:00,12.4,0.64,0.0
2026-04-16 23:45:00,12.1,0.67,0.0
2026-04-17 00:00:00,11.8,0.81,0.0
2026-04-17 00:15:00,11.5,0.81,0.0
2026-04-17 00:30:00,11.2,0.89,0.0
2026-04-17 00:45:00,10.8,0.86,0.0
2026-04-17 01:00:00,10.6,0.86,0.0
2026-04-17 01:15:00,10.4,0.86,0.0
2026-04-17 01:30:00,10.2,0.86,0.0
2026-04-17 01:45:00,10.1,0.86,0.0
2026-04-17 02:00:00,10.0,0.86,0.0
2026-04-17 02:15:00,9.9,0.89,0.0
2026-04-17 02:30:00,9.8,1.0,0.0
2026-04-17 02:45:00,9.7,1.06,0.0
2026-04-17 03:00:00,9.6,1.14,0.0
2026-04-17 03:15:00,9.6,1.19,0.0
2026-04-17 03:30:00,9.6,1.17,0.0
2026-04-17 03:45:00,9.6,1.31,0.0
2026-04-17 04:00:00,9.6,1.33,0.0
2026-04-17 04:15:00,9.7,1.42,0.0
2026-04-17 04:30:00,9.7,1.42,0.0
2026-04-17 04:45:00,9.8,1.56,0.0
2026-04-17 05:00:00,9.8,1.61,0.0
2026-04-17 05:15:00,9.8,1.61,0.0
2026-04-17 05:30:00,9.7,1.53,0.0
2026-04-17 05:45:00,9.7,1.5,0.0
2026-04-17 06:00:00,9.7,1.44,0.0
2026-04-17 06:15:00,9.7,1.56,0.0
2026-04-17 06:30:00,9.7,1.64,0.0
2026-04-17 06:45:00,9.7,1.78,0.0
2026-04-17 07:00:00,9.8,1.78,0.0
2026-04-17 07:15:00,9.9,1.81,0.0
2026-04-17 07:30:00,10.1,1.75,0.0
2026-04-17 07:45:00,10.3,1.67,515.17
2026-04-17 08:00:00,10.5,1.69,365.36
2026-04-17 08:15:00,10.9,1.78,799.27
2026-04-17 08:30:00,11.3,1.89,734.23
2026-04-17 08:45:00,11.7,1.97,900.0
2026-04-17 09:00:00,12.1,2.06,900.0
2026-04-17 09:15:00,12.4,2.17,900.0
2026-04-17 09:30:00,12.8,2.25,900.0
2026-04-17 09:45:00,13.1,2.39,900.0
2026-04-17 10:00:00,13.4,2.33,900.0
2026-04-17 10:15:00,13.8,2.22,900.0
2026-04-17 10:30:00,14.1,2.06,900.0
2026-04-17 10:45:00,14.4,2.17,900.0
2026-04-17 11:00:00,14.8,2.33,900.0
2026-04-17 11:15:00,15.1,2.39,900.0
2026-04-17 11:30:00,15.4,2.5,900.0
2026-04-17 11:45:00,15.7,2.64,900.0
2026-04-17 12:00:00,16.0,2.64,900.0
2026-04-17 12:15:00,16.2,2.64,900.0
2026-04-17 12:30:00,16.5,2.75,900.0
2026-04-17 12:45:00,16.7,2.72,900.0
2026-04-17 13:00:00,16.9,2.81,900.0
2026-04-17 13:15:00,17.1,3.0,900.0
2026-04-17 13:30:00,17.3,3.31,900.0
2026-04-17 13:45:00,17.5,3.61,900.0
2026-04-17 14:00:00,17.6,3.81,900.0
2026-04-17 14:15:00,17.7,3.92,900.0
2026-04-17 14:30:00,17.7,4.0,900.0
2026-04-17 14:45:00,17.7,4.11,900.0
2026-04-17 15:00:00,17.7,4.11,900.0
2026-04-17 15:15:00,17.6,4.11,900.0
2026-04-17 15:30:00,17.6,4.0,900.0
2026-04-17 15:45:00,17.5,4.06,900.0
2026-04-17 16:00:00,17.5,3.97,900.0
2026-04-17 16:15:00,17.6,3.86,900.0
2026-04-17 16:30:00,17.6,3.72,900.0
2026-04-17 16:45:00,17.7,3.61,900.0
2026-04-17 17:00:00,17.6,3.5,900.0
2026-04-17 17:15:00,17.5,3.42,900.0
2026-04-17 17:30:00,17.3,3.47,900.0
2026-04-17 17:45:00,17.1,3.53,900.0
2026-04-17 18:00:00,16.9,3.47,900.0
2026-04-17 18:15:00,16.7,3.42,900.0
2026-04-17 18:30:00,16.5,3.33,900.0
2026-04-17 18:45:00,16.2,3.19,900.0
2026-04-17 19:00:00,16.0,3.11,900.0
2026-04-17 19:15:00,15.7,2.89,814.48
2026-04-17 19:30:00,15.5,2.67,167.52
2026-04-17 19:45:00,15.2,2.33,0.0
2026-04-17 20:00:00,14.8,2.11,0.0
2026-04-17 20:15:00,14.4,1.83,0.0
2026-04-17 20:30:00,14.0,1.67,0.0
2026-04-17 20:45:00,13.5,1.39,0.0
2026-04-17 21:00:00,13.1,1.22,0.0
2026-04-17 21:15:00,12.8,1.14,0.0
2026-04-17 21:30:00,12.6,1.08,0.0
2026-04-17 21:45:00,12.4,1.0,0.0
2026-04-17 22:00:00,12.2,1.0,0.0
2026-04-17 22:15:00,12.0,1.06,0.0
2026-04-17 22:30:00,11.7,1.14,0.0
2026-04-17 22:45:00,11.4,1.31,0.0
2026-04-17 23:00:00,11.1,1.33,0.0
2026-04-17 23:15:00,10.9,1.39,0.0
2026-04-17 23:30:00,10.7,1.33,0.0
2026-04-17 23:45:00,10.5,1.31,0.0
2026-04-18 00:00:00,10.4,1.19,0.0
2026-04-18 00:15:00,10.2,1.11,0.0
2026-04-18 00:30:00,10.1,0.94,0.0
2026-04-18 00:45:00,9.9,0.86,0.0
2026-04-18 01:00:00,9.8,0.72,0.0
2026-04-18 01:15:00,9.6,0.64,0.0
2026-04-18 01:30:00,9.4,0.53,0.0
2026-04-18 01:45:00,9.1,0.61,0.0
2026-04-18 02:00:00,8.9,0.61,0.0
2026-04-18 02:15:00,8.7,0.61,0.0
2026-04-18 02:30:00,8.6,0.61,0.0
2026-04-18 02:45:00,8.4,0.53,0.0
2026-04-18 03:00:00,8.3,0.5,0.0
2026-04-18 03:15:00,8.2,0.44,0.0
2026-04-18 03:30:00,8.1,0.5,0.0
2026-04-18 03:45:00,7.9,0.64,0.0
2026-04-18 04:00:00,7.6,0.72,0.0
2026-04-18 04:15:00,7.1,0.78,0.0
2026-04-18 04:30:00,6.4,0.69,0.0
2026-04-18 04:45:00,5.7,0.64,0.0
2026-04-18 05:00:00,5.3,0.58,0.0
2026-04-18 05:15:00,5.2,0.5,0.0
2026-04-18 05:30:00,5.4,0.36,0.0
2026-04-18 05:45:00,5.6,0.31,0.0
2026-04-18 06:00:00,5.7,0.31,0.0
2026-04-18 06:15:00,5.8,0.31,0.0
2026-04-18 06:30:00,5.9,0.31,98.32
2026-04-18 06:45:00,6.0,0.31,723.92
2026-04-18 07:00:00,6.2,0.31,900.0
2026-04-18 07:15:00,6.6,0.31,900.0
2026-04-18 07:30:00,7.1,0.36,900.0
2026-04-18 07:45:00,7.6,0.42,900.0
2026-04-18 08:00:00,8.1,0.5,900.0
2026-04-18 08:15:00,8.5,0.56,900.0
2026-04-18 08:30:00,9.0,0.64,900.0
2026-04-18 08:45:00,9.5,0.72,900.0
2026-04-18 09:00:00,10.1,0.72,900.0
2026-04-18 09:15:00,10.7,0.64,900.0
2026-04-18 09:30:00,11.4,0.56,900.0
2026-04-18 09:45:00,12.1,0.44,900.0
2026-04-18 10:00:00,12.8,0.31,900.0
2026-04-18 10:15:00,13.4,0.19,900.0
2026-04-18 10:30:00,14.0,0.22,900.0
2026-04-18 10:45:00,14.5,0.42,900.0
2026-04-18 11:00:00,15.0,0.5,900.0
2026-04-18 11:15:00,15.4,0.5,900.0
2026-04-18 11:30:00,15.8,0.42,900.0
2026-04-18 11:45:00,16.0,0.39,900.0
2026-04-18 12:00:00,16.3,0.42,900.0
2026-04-18 12:15:00,16.6,0.44,900.0
2026-04-18 12:30:00,16.9,0.58,900.0
2026-04-18 12:45:00,17.1,0.64,900.0
2026-04-18 13:00:00,17.3,0.64,900.0
2026-04-18 13:15:00,17.5,0.64,900.0
2026-04-18 13:30:00,17.7,0.58,900.0
2026-04-18 13:45:00,17.9,0.58,900.0
2026-04-18 14:00:00,18.1,0.53,900.0
2026-04-18 14:15:00,18.2,0.53,900.0
2026-04-18 14:30:00,18.4,0.64,900.0
2026-04-18 14:45:00,18.5,0.69,900.0
2026-04-18 15:00:00,18.6,0.92,900.0
2026-04-18 15:15:00,18.6,1.19,900.0
2026-04-18 15:30:00,18.7,1.69,900.0
2026-04-18 15:45:00,18.7,2.11,900.0
2026-04-18 16:00:00,18.7,2.31,900.0
2026-04-18 16:15:00,18.7,2.19,900.0
2026-04-18 16:30:00,18.7,2.0,900.0
2026-04-18 16:45:00,18.8,1.72,900.0
2026-04-18 17:00:00,18.8,1.44,900.0
2026-04-18 17:15:00,18.8,1.31,900.0
2026-04-18 17:30:00,18.8,1.11,900.0
2026-04-18 17:45:00,18.8,1.0,900.0
2026-04-18 18:00:00,18.7,0.86,900.0
2026-04-18 18:15:00,18.6,0.75,900.0
2026-04-18 18:30:00,18.5,0.81,880.02
2026-04-18 18:45:00,18.4,0.83,682.33
2026-04-18 19:00:00,18.3,0.97,118.17
2026-04-18 19:15:00,18.2,1.11,0.0
2026-04-18 19:30:00,18.0,1.11,0.0
2026-04-18 19:45:00,17.9,1.19,0.0
2026-04-18 20:00:00,17.7,1.19,0.0
2026-04-18 20:15:00,17.5,1.11,0.0
2026-04-18 20:30:00,17.3,1.08,0.0
2026-04-18 20:45:00,17.0,1.0,0.0
2026-04-18 21:00:00,16.7,1.0,0.0
2026-04-18 21:15:00,16.5,0.94,0.0
2026-04-18 21:30:00,16.2,0.94,0.0
2026-04-18 21:45:00,15.9,1.0,0.0
2026-04-18 22:00:00,15.6,1.11,0.0
2026-04-18 22:15:00,15.2,1.19,0.0
2026-04-18 22:30:00,14.7,1.31,0.0
2026-04-18 22:45:00,14.2,1.31,0.0
2026-04-18 23:00:00,13.8,1.39,0.0
2026-04-18 23:15:00,13.5,1.5,0.0
2026-04-18 23:30:00,13.3,1.5,0.0
2026-04-18 23:45:00,13.0,1.64,0.0
2026-04-19 00:00:00,12.8,1.67,0.0
2026-04-19 00:15:00,12.6,1.72,0.0
2026-04-19 00:30:00,12.4,1.61,0.0
2026-04-19 00:45:00,12.2,1.61,0.0
2026-04-19 01:00:00,12.0,1.53,0.0
2026-04-19 01:15:00,11.8,1.5,0.0
2026-04-19 01:30:00,11.5,1.36,0.0
2026-04-19 01:45:00,11.3,1.33,0.0
2026-04-19 02:00:00,11.1,1.33,0.0
2026-04-19 02:15:00,11.0,1.25,0.0
2026-04-19 02:30:00,10.8,1.28,0.0
2026-04-19 02:45:00,10.7,1.19,0.0
2026-04-19 03:00:00,10.6,1.19,0.0
2026-04-19 03:15:00,10.4,1.19,0.0
2026-04-19 03:30:00,10.3,1.28,0.0
2026-04-19 03:45:00,10.1,1.25,0.0
2026-04-19 04:00:00,10.0,1.33,0.0
2026-04-19 04:15:00,9.8,1.44,0.0
2026-04-19 04:30:00,9.6,1.53,0.0
2026-04-19 04:45:00,9.5,1.53,0.0
2026-04-19 05:00:00,9.4,1.64,0.0
2026-04-19 05:15:00,9.3,1.64,0.0
2026-04-19 05:30:00,9.3,1.67,0.0
2026-04-19 05:45:00,9.2,1.67,0.0
2026-04-19 06:00:00,9.2,1.72,0.0
2026-04-19 06:15:00,9.2,1.72,0.0
2026-04-19 06:30:00,9.2,1.72,0.0
2026-04-19 06:45:00,9.1,1.72,0.0
2026-04-19 07:00:00,9.2,1.61,36.25
2026-04-19 07:15:00,9.4,1.44,0.0
2026-04-19 07:30:00,9.7,1.22,0.0
2026-04-19 07:45:00,10.0,1.0,0.0
2026-04-19 08:00:00,10.3,0.86,171.65
2026-04-19 08:15:00,10.5,0.72,0.0
2026-04-19 08:30:00,10.7,1.03,0.0
2026-04-19 08:45:00,10.9,1.56,0.0
2026-04-19 09:00:00,11.2,1.92,0.0
2026-04-19 09:15:00,11.5,1.83,0.0
2026-04-19 09:30:00,11.9,1.61,0.0
2026-04-19 09:45:00,12.4,1.61,380.58
2026-04-19 10:00:00,12.8,1.75,568.43
2026-04-19 10:15:00,13.2,1.81,620.47
2026-04-19 10:30:00,13.6,1.89,0.0
2026-04-19 10:45:00,14.1,1.89,451.86
2026-04-19 11:00:00,14.5,2.0,303.92
2026-04-19 11:15:00,14.9,2.17,773.0
2026-04-19 11:30:00,15.3,2.33,890.61
2026-04-19 11:45:00,15.8,2.61,834.5
2026-04-19 12:00:00,16.1,2.81,473.44
2026-04-19 12:15:00,16.5,2.89,482.34
2026-04-19 12:30:00,16.8,3.11,681.1
2026-04-19 12:45:00,17.0,3.11,430.88
2026-04-19 13:00:00,17.2,3.14,888.93
2026-04-19 13:15:00,17.3,3.11,900.0
2026-04-19 13:30:00,17.3,3.0,900.0
2026-04-19 13:45:00,17.3,2.92,493.73
2026-04-19 14:00:00,17.3,2.92,203.8
2026-04-19 14:15:00,17.4,2.97,900.0
2026-04-19 14:30:00,17.6,3.11,0.0
2026-04-19 14:45:00,17.7,3.31,0.0
2026-04-19 15:00:00,17.6,3.33,0.0
2026-04-19 15:15:00,17.4,3.19,0.0
2026-04-19 15:30:00,17.1,3.03,0.0
2026-04-19 15:45:00,16.7,2.86,0.0
2026-04-19 16:00:00,16.4,2.69,0.0
2026-04-19 16:15:00,16.1,2.69,0.0
2026-04-19 16:30:00,15.9,2.83,0.0
2026-04-19 16:45:00,15.8,2.89,0.0
2026-04-19 17:00:00,15.6,2.97,0.0
2026-04-19 17:15:00,15.4,3.03,0.0
2026-04-19 17:30:00,15.2,3.11,0.0
2026-04-19 17:45:00,15.1,3.11,0.0
2026-04-19 18:00:00,14.9,3.06,0.0
2026-04-19 18:15:00,14.8,2.97,0.0
2026-04-19 18:30:00,14.6,2.78,0.0
2026-04-19 18:45:00,14.4,2.67,0.0
2026-04-19 19:00:00,14.2,2.47,0.0
2026-04-19 19:15:00,13.9,2.42,0.0
2026-04-19 19:30:00,13.7,2.42,0.0
2026-04-19 19:45:00,13.4,2.28,0.0
2026-04-19 20:00:00,13.1,1.78,0.0
2026-04-19 20:15:00,12.8,1.36,0.0
2026-04-19 20:30:00,12.5,2.61,0.0
2026-04-19 20:45:00,12.2,4.31,0.0
2026-04-19 21:00:00,11.9,5.58,0.0
2026-04-19 21:15:00,11.6,5.97,0.0
2026-04-19 21:30:00,11.3,5.75,0.0
2026-04-19 21:45:00,11.0,5.42,0.0
2026-04-19 22:00:00,10.7,5.22,0.0
2026-04-19 22:15:00,10.5,5.22,0.0
2026-04-19 22:30:00,10.2,5.22,0.0
2026-04-19 22:45:00,9.9,5.22,0.0
2026-04-19 23:00:00,9.7,5.11,0.0
2026-04-19 23:15:00,9.4,5.03,0.0
2026-04-19 23:30:00,9.2,4.81,0.0
2026-04-19 23:45:00,9.0,4.61,0.0
2026-04-20 00:00:00,8.7,4.5,0.0
2026-04-20 00:15:00,8.4,4.53,0.0
2026-04-20 00:30:00,8.1,4.53,0.0
2026-04-20 00:45:00,7.8,4.56,0.0
2026-04-20 01:00:00,7.5,4.58,0.0
2026-04-20 01:15:00,7.2,4.58,0.0
2026-04-20 01:30:00,6.9,4.58,0.0
2026-04-20 01:45:00,6.6,4.58,0.0
2026-04-20 02:00:00,6.5,4.44,0.0
2026-04-20 02:15:00,6.5,4.33,0.0
2026-04-20 02:30:00,6.5,4.22,0.0
2026-04-20 02:45:00,6.7,4.0,0.0
2026-04-20 03:00:00,6.7,3.92,0.0
2026-04-20 03:15:00,6.7,3.81,0.0
2026-04-20 03:30:00,6.7,3.83,0.0
2026-04-20 03:45:00,6.7,3.83,0.0
2026-04-20 04:00:00,6.7,3.78,0.0
2026-04-20 04:15:00,6.7,3.67,0.0
2026-04-20 04:30:00,6.7,3.44,0.0
2026-04-20 04:45:00,6.7,3.22,0.0
2026-04-20 05:00:00,6.7,3.11,0.0
2026-04-20 05:15:00,6.7,3.0,0.0
2026-04-20 05:30:00,6.7,2.81,0.0
2026-04-20 05:45:00,6.7,2.69,0.0
2026-04-20 06:00:00,6.7,2.69,0.0
2026-04-20 06:15:00,6.7,2.81,0.0
2026-04-20 06:30:00,6.8,3.11,0.0
2026-04-20 06:45:00,6.9,3.31,0.0
2026-04-20 07:00:00,7.0,3.5,0.0
2026-04-20 07:15:00,7.1,3.61,0.0
2026-04-20 07:30:00,7.2,3.61,238.14
2026-04-20 07:45:00,7.2,3.69,900.0
2026-04-20 08:00:00,7.3,3.72,256.07
2026-04-20 08:15:00,7.5,3.83,0.0
2026-04-20 08:30:00,7.6,3.97,252.96
2026-04-20 08:45:00,7.8,4.0,2.07
2026-04-20 09:00:00,7.9,4.03,562.31
2026-04-20 09:15:00,8.0,3.86,343.68
2026-04-20 09:30:00,8.1,3.67,0.0
2026-04-20 09:45:00,8.2,3.39,0.0
2026-04-20 10:00:00,8.2,3.28,0.0
2026-04-20 10:15:00,8.3,3.33,697.37
2026-04-20 10:30:00,8.3,3.56,900.0
2026-04-20 10:45:00,8.4,3.67,513.26
2026-04-20 11:00:00,8.4,3.72,0.0
2026-04-20 11:15:00,8.4,3.67,0.0
2026-04-20 11:30:00,8.4,3.44,0.0
2026-04-20 11:45:00,8.4,3.28,0.0
2026-04-20 12:00:00,8.4,3.11,0.0
2026-04-20 12:15:00,8.5,2.97,0.0
2026-04-20 12:30:00,8.7,2.92,0.0
2026-04-20 12:45:00,8.9,2.81,0.0
2026-04-20 13:00:00,9.0,2.69,182.08
2026-04-20 13:15:00,9.2,2.58,85.92
2026-04-20 13:30:00,9.3,2.5,0.0
2026-04-20 13:45:00,9.4,2.47,380.33
2026-04-20 14:00:00,9.5,2.36,861.1
2026-04-20 14:15:00,9.6,2.19,648.35
2026-04-20 14:30:00,9.7,2.14,773.94
2026-04-20 14:45:00,9.7,2.11,537.6
2026-04-20 15:00:00,9.8,2.08,0.0
2026-04-20 15:15:00,9.8,2.11,0.69
2026-04-20 15:30:00,9.7,2.19,0.0
2026-04-20 15:45:00,9.7,2.31,0.0
2026-04-20 16:00:00,9.6,2.33,174.29
2026-04-20 16:15:00,9.6,2.22,59.69
2026-04-20 16:30:00,9.6,1.89,260.32
2026-04-20 16:45:00,9.6,1.72,0.0
2026-04-20 17:00:00,9.6,1.56,0.0
2026-04-20 17:15:00,9.5,1.5,0.0
2026-04-20 17:30:00,9.5,1.64,0.0
2026-04-20 17:45:00,9.4,1.89,0.0
2026-04-20 18:00:00,9.4,2.08,0.0
2026-04-20 18:15:00,9.3,2.06,0.0
2026-04-20 18:30:00,9.3,1.97,0.0
2026-04-20 18:45:00,9.3,1.83,0.0
2026-04-20 19:00:00,9.2,1.78,0.0
2026-04-20 19:15:00,9.1,1.86,0.0
2026-04-20 19:30:00,8.9,1.94,0.0
2026-04-20 19:45:00,8.7,2.11,0.0
2026-04-20 20:00:00,8.6,2.19,0.0
2026-04-20 20:15:00,8.4,2.22,0.0
2026-04-20 20:30:00,8.2,2.39,0.0
2026-04-20 20:45:00,8.1,2.44,0.0
2026-04-20 21:00:00,7.9,2.42,0.0
2026-04-20 21:15:00,7.8,2.11,0.0
2026-04-20 21:30:00,7.7,1.75,0.0
2026-04-20 21:45:00,7.7,1.44,0.0
2026-04-20 22:00:00,7.6,1.33,0.0
2026-04-20 22:15:00,7.5,1.78,0.0
2026-04-20 22:30:00,7.4,2.42,0.0
2026-04-20 22:45:00,7.2,2.97,0.0
2026-04-20 23:00:00,7.1,3.42,0.0
2026-04-20 23:15:00,7.0,3.44,0.0
2026-04-20 23:30:00,6.9,3.25,0.0
2026-04-20 23:45:00,6.7,3.0,0.0
2026-04-21 00:00:00,6.6,2.81,0.0
2026-04-21 00:15:00,6.5,2.81,0.0
2026-04-21 00:30:00,6.4,2.72,0.0
2026-04-21 00:45:00,6.3,2.78,0.0
2026-04-21 01:00:00,6.3,2.69,0.0
2026-04-21 01:15:00,6.2,2.61,0.0
2026-04-21 01:30:00,6.2,2.53,0.0
2026-04-21 01:45:00,6.1,2.44,0.0
2026-04-21 02:00:00,6.1,2.31,0.0
2026-04-21 02:15:00,6.1,2.17,0.0
2026-04-21 02:30:00,6.1,1.97,0.0
2026-04-21 02:45:00,6.1,1.83,0.0
2026-04-21 03:00:00,6.1,1.61,0.0
2026-04-21 03:15:00,6.1,1.5,0.0
2026-04-21 03:30:00,6.0,1.33,0.0
2026-04-21 03:45:00,5.9,1.33,0.0
2026-04-21 04:00:00,5.9,1.44,0.0
2026-04-21 04:15:00,5.9,1.61,0.0
2026-04-21 04:30:00,5.9,1.89,0.0
2026-04-21 04:45:00,5.9,2.11,0.0
2026-04-21 05:00:00,5.9,2.19,0.0
2026-04-21 05:15:00,5.7,2.11,0.0
2026-04-21 05:30:00,5.4,1.94,0.0
2026-04-21 05:45:00,5.2,1.83,0.0
2026-04-21 06:00:00,5.0,1.83,0.0
2026-04-21 06:15:00,5.0,1.83,0.0
2026-04-21 06:30:00,5.0,1.89,0.0
2026-04-21 06:45:00,5.0,1.94,394.42
2026-04-21 07:00:00,5.1,2.03,780.42
2026-04-21 07:15:00,5.2,2.03,900.0
2026-04-21 07:30:00,5.3,2.17,683.55
2026-04-21 07:45:00,5.4,2.19,736.45
2026-04-21 08:00:00,5.6,2.22,338.05
2026-04-21 08:15:00,5.8,2.22,900.0
2026-04-21 08:30:00,6.1,2.36,900.0
2026-04-21 08:45:00,6.4,2.47,900.0
2026-04-21 09:00:00,6.7,2.47,900.0
2026-04-21 09:15:00,7.1,2.5,900.0
2026-04-21 09:30:00,7.5,2.64,900.0
2026-04-21 09:45:00,8.0,2.64,900.0
2026-04-21 10:00:00,8.4,2.69,900.0
2026-04-21 10:15:00,8.9,2.78,900.0
2026-04-21 10:30:00,9.3,2.78,900.0
2026-04-21 10:45:00,9.7,2.92,900.0
2026-04-21 11:00:00,10.1,2.92,900.0
2026-04-21 11:15:00,10.5,2.89,900.0
2026-04-21 11:30:00,10.9,2.86,900.0
2026-04-21 11:45:00,11.3,2.92,900.0
2026-04-21 12:00:00,11.7,2.97,900.0
2026-04-21 12:15:00,12.0,3.28,900.0
2026-04-21 12:30:00,12.3,3.61,900.0
2026-04-21 12:45:00,12.6,4.0,900.0
2026-04-21 13:00:00,12.8,4.17,900.0
2026-04-21 13:15:00,12.9,4.08,900.0
2026-04-21 13:30:00,12.9,3.94,900.0
2026-04-21 13:45:00,12.8,3.78,900.0
2026-04-21 14:00:00,12.9,3.78,436.4
2026-04-21 14:15:00,13.1,3.89,900.0
2026-04-21 14:30:00,13.3,4.11,900.0
2026-04-21 14:45:00,13.6,4.31,900.0
2026-04-21 15:00:00,13.7,4.33,900.0
2026-04-21 15:15:00,13.6,4.19,900.0
2026-04-21 15:30:00,13.4,3.94,900.0
2026-04-21 15:45:00,13.1,3.72,396.84
2026-04-21 16:00:00,12.9,3.47,778.27
2026-04-21 16:15:00,12.8,3.33,900.0
2026-04-21 16:30:00,12.8,3.22,900.0
2026-04-21 16:45:00,12.7,3.19,858.19
2026-04-21 17:00:00,12.7,3.19,873.89
2026-04-21 17:15:00,12.7,3.31,900.0
2026-04-21 17:30:00,12.8,3.42,900.0
2026-04-21 17:45:00,12.8,3.61,900.0
2026-04-21 18:00:00,12.8,3.61,900.0
2026-04-21 18:15:00,12.7,3.5,900.0
2026-04-21 18:30:00,12.6,3.31,900.0
2026-04-21 18:45:00,12.4,3.11,900.0
2026-04-21 19:00:00,12.3,2.92,900.0
2026-04-21 19:15:00,12.1,2.72,900.0
2026-04-21 19:30:00,12.0,2.56,132.08
2026-04-21 19:45:00,11.8,2.31,0.0
2026-04-21 20:00:00,11.6,2.11,0.0
2026-04-21 20:15:00,11.3,1.86,0.0
2026-04-21 20:30:00,11.0,1.61,0.0
2026-04-21 20:45:00,10.6,1.42,0.0
2026-04-21 21:00:00,10.3,1.22,0.0
2026-04-21 21:15:00,10.0,1.11,0.0
2026-04-21 21:30:00,9.7,1.06,0.0
2026-04-21 21:45:00,9.4,1.17,0.0
2026-04-21 22:00:00,9.1,1.33,0.0
2026-04-21 22:15:00,8.7,1.5,0.0
2026-04-21 22:30:00,8.3,1.64,0.0
2026-04-21 22:45:00,7.9,1.81,0.0
2026-04-21 23:00:00,7.5,1.89,0.0
2026-04-21 23:15:00,7.2,1.83,0.0
2026-04-21 23:30:00,6.9,1.78,0.0
2026-04-21 23:45:00,6.6,1.75,0.0
2026-04-22 00:00:00,6.4,1.72,0.0
2026-04-22 00:15:00,6.1,1.67,0.0
2026-04-22 00:30:00,5.9,1.64,0.0
2026-04-22 00:45:00,5.7,1.64,0.0
2026-04-22 01:00:00,5.5,1.64,0.0
2026-04-22 01:15:00,5.3,1.64,0.0
2026-04-22 01:30:00,5.2,1.5,0.0
2026-04-22 01:45:00,5.0,1.44,0.0
2026-04-22 02:00:00,4.8,1.44,0.0
2026-04-22 02:15:00,4.7,1.44,0.0
2026-04-22 02:30:00,4.5,1.44,0.0
2026-04-22 02:45:00,4.4,1.53,0.0
2026-04-22 03:00:00,4.2,1.58,0.0
2026-04-22 03:15:00,4.1,1.64,0.0
2026-04-22 03:30:00,3.9,1.56,0.0
2026-04-22 03:45:00,3.8,1.64,0.0
2026-04-22 04:00:00,3.7,1.64,0.0
2026-04-22 04:15:00,3.6,1.64,0.0
2026-04-22 04:30:00,3.4,1.69,0.0
2026-04-22 04:45:00,3.3,1.69,0.0
2026-04-22 05:00:00,3.2,1.69,0.0
2026-04-22 05:15:00,3.1,1.69,0.0
2026-04-22 05:30:00,3.0,1.69,0.0
2026-04-22 05:45:00,2.9,1.69,0.0
2026-04-22 06:00:00,2.9,1.78,0.0
2026-04-22 06:15:00,2.8,1.83,0.0
2026-04-22 06:30:00,2.8,1.92,137.02
2026-04-22 06:45:00,2.8,2.08,882.37
2026-04-22 07:00:00,2.9,2.17,900.0
2026-04-22 07:15:00,3.1,2.31,900.0
2026-04-22 07:30:00,3.4,2.36,900.0
2026-04-22 07:45:00,3.7,2.5,900.0
2026-04-22 08:00:00,4.1,2.56,900.0
2026-04-22 08:15:00,4.6,2.61,900.0
2026-04-22 08:30:00,5.1,2.69,900.0
2026-04-22 08:45:00,5.6,2.61,900.0
2026-04-22 09:00:00,6.2,2.69,900.0
2026-04-22 09:15:00,6.7,2.61,900.0
2026-04-22 09:30:00,7.2,2.56,900.0
2026-04-22 09:45:00,7.7,2.56,900.0
2026-04-22 10:00:00,8.2,2.56,900.0
2026-04-22 10:15:00,8.9,2.64,900.0
2026-04-22 10:30:00,9.6,2.83,900.0
2026-04-22 10:45:00,10.2,2.97,900.0
2026-04-22 11:00:00,10.8,3.06,900.0
2026-04-22 11:15:00,11.3,3.22,900.0
2026-04-22 11:30:00,11.7,3.33,900.0
2026-04-22 11:45:00,12.1,3.44,900.0
2026-04-22 12:00:00,12.4,3.58,900.0
2026-04-22 12:15:00,12.7,3.67,900.0
2026-04-22 12:30:00,12.9,3.75,900.0
2026-04-22 12:45:00,13.1,3.75,900.0
2026-04-22 13:00:00,13.3,3.75,900.0
2026-04-22 13:15:00,13.6,3.75,900.0
2026-04-22 13:30:00,13.8,3.72,900.0
2026-04-22 13:45:00,14.0,3.72,900.0
2026-04-22 14:00:00,14.2,3.72,900.0
2026-04-22 14:15:00,14.4,3.81,900.0
2026-04-22 14:30:00,14.6,3.97,900.0
2026-04-22 14:45:00,14.7,4.17,900.0
2026-04-22 15:00:00,14.9,4.19,900.0
2026-04-22 15:15:00,15.0,4.03,900.0
2026-04-22 15:30:00,15.1,3.78,900.0
2026-04-22 15:45:00,15.3,3.64,900.0
2026-04-22 16:00:00,15.4,3.67,900.0
2026-04-22 16:15:00,15.5,3.89,900.0
2026-04-22 16:30:00,15.6,4.17,900.0
2026-04-22 16:45:00,15.7,4.39,900.0
2026-04-22 17:00:00,15.8,4.5,900.0
2026-04-22 17:15:00,15.8,4.28,900.0
2026-04-22 17:30:00,15.8,4.0,900.0
2026-04-22 17:45:00,15.7,3.5,900.0
2026-04-22 18:00:00,15.7,3.19,900.0
2026-04-22 18:15:00,15.6,2.86,900.0
2026-04-22 18:30:00,15.5,2.61,900.0
2026-04-22 18:45:00,15.4,2.42,900.0
2026-04-22 19:00:00,15.2,2.42,900.0
2026-04-22 19:15:00,15.1,2.5,900.0
2026-04-22 19:30:00,15.0,2.67,471.48
2026-04-22 19:45:00,14.8,2.94,0.0
2026-04-22 20:00:00,14.6,3.03,0.0
2026-04-22 20:15:00,14.3,3.11,0.0
2026-04-22 20:30:00,13.9,3.22,0.0
2026-04-22 20:45:00,13.5,3.28,0.0
2026-04-22 21:00:00,13.1,3.31,0.0
2026-04-22 21:15:00,12.8,3.22,0.0
2026-04-22 21:30:00,12.4,3.08,0.0
2026-04-22 21:45:00,12.1,2.81,0.0
2026-04-22 22:00:00,11.8,2.81,0.0
2026-04-22 22:15:00,11.6,2.94,0.0
2026-04-22 22:30:00,11.5,3.22,0.0
2026-04-22 22:45:00,11.3,3.5,0.0
2026-04-22 23:00:00,11.2,3.64,0.0
2026-04-22 23:15:00,10.9,3.56,0.0
2026-04-22 23:30:00,10.7,3.42,0.0
2026-04-22 23:45:00,10.4,3.25,0.0
2026-04-23 00:00:00,10.1,3.11,0.0
2026-04-23 00:15:00,9.9,3.06,0.0
2026-04-23 00:30:00,9.7,3.0,0.0
2026-04-23 00:45:00,9.5,2.97,0.0
2026-04-23 01:00:00,9.4,3.0,0.0
2026-04-23 01:15:00,9.2,3.14,0.0
2026-04-23 01:30:00,9.1,3.28,0.0
2026-04-23 01:45:00,9.0,3.42,0.0
2026-04-23 02:00:00,8.8,3.58,0.0
2026-04-23 02:15:00,8.6,3.67,0.0
2026-04-23 02:30:00,8.5,3.58,0.0
2026-04-23 02:45:00,8.3,3.58,0.0
2026-04-23 03:00:00,8.1,3.58,0.0
2026-04-23 03:15:00,7.9,3.56,0.0
2026-04-23 03:30:00,7.8,3.61,0.0
2026-04-23 03:45:00,7.6,3.58,0.0
2026-04-23 04:00:00,7.5,3.67,0.0
2026-04-23 04:15:00,7.4,3.67,0.0
2026-04-23 04:30:00,7.3,3.78,0.0
2026-04-23 04:45:00,7.2,3.78,0.0
2026-04-23 05:00:00,7.1,3.89,0.0
2026-04-23 05:15:00,7.0,4.0,0.0
2026-04-23 05:30:00,6.9,4.14,0.0
2026-04-23 05:45:00,6.8,4.28,0.0
2026-04-23 06:00:00,6.7,4.39,0.0
2026-04-23 06:15:00,6.7,4.39,0.0
2026-04-23 06:30:00,6.7,4.39,0.0
2026-04-23 06:45:00,6.8,4.31,274.78
2026-04-23 07:00:00,7.0,4.31,365.9
2026-04-23 07:15:00,7.2,4.25,492.93
2026-04-23 07:30:00,7.5,4.25,757.46
2026-04-23 07:45:00,7.9,4.22,900.0
2026-04-23 08:00:00,8.3,4.25,900.0
2026-04-23 08:15:00,8.7,4.33,900.0
2026-04-23 08:30:00,9.1,4.53,900.0
2026-04-23 08:45:00,9.6,4.69,900.0
2026-04-23 09:00:00,10.0,4.89,900.0
2026-04-23 09:15:00,10.3,5.0,900.0
2026-04-23 09:30:00,10.7,5.11,900.0
2026-04-23 09:45:00,11.0,5.14,900.0
2026-04-23 10:00:00,11.4,5.19,900.0
2026-04-23 10:15:00,11.8,5.19,900.0
2026-04-23 10:30:00,12.2,5.17,900.0
2026-04-23 10:45:00,12.5,5.19,900.0
2026-04-23 11:00:00,12.9,5.19,900.0
2026-04-23 11:15:00,13.3,5.28,900.0
2026-04-23 11:30:00,13.6,5.44,900.0
2026-04-23 11:45:00,14.0,5.58,900.0
2026-04-23 12:00:00,14.3,5.75,900.0
2026-04-23 12:15:00,14.6,5.69,900.0
2026-04-23 12:30:00,14.9,5.61,900.0
2026-04-23 12:45:00,15.1,5.39,900.0
2026-04-23 13:00:00,15.4,5.31,900.0
2026-04-23 13:15:00,15.6,5.25,900.0
2026-04-23 13:30:00,15.8,5.19,900.0
2026-04-23 13:45:00,16.0,5.11,900.0
2026-04-23 14:00:00,16.2,5.11,900.0
2026-04-23 14:15:00,16.4,5.11,900.0
2026-04-23 14:30:00,16.6,5.25,900.0
2026-04-23 14:45:00,16.8,5.25,900.0
2026-04-23 15:00:00,16.9,5.33,900.0
2026-04-23 15:15:00,17.0,5.36,900.0
2026-04-23 15:30:00,17.0,5.47,900.0
2026-04-23 15:45:00,17.0,5.53,900.0
2026-04-23 16:00:00,17.0,5.56,900.0
2026-04-23 16:15:00,17.0,5.64,900.0
2026-04-23 16:30:00,17.1,5.69,900.0
2026-04-23 16:45:00,17.1,5.61,900.0
2026-04-23 17:00:00,17.1,5.61,900.0
2026-04-23 17:15:00,17.0,5.47,900.0
2026-04-23 17:30:00,16.8,5.28,900.0
2026-04-23 17:45:00,16.6,5.06,900.0
2026-04-23 18:00:00,16.4,4.92,731.62
2026-04-23 18:15:00,16.2,4.83,900.0
2026-04-23 18:30:00,16.0,4.75,900.0
2026-04-23 18:45:00,15.8,4.61,500.16
2026-04-23 19:00:00,15.7,4.53,140.14
2026-04-23 19:15:00,15.5,4.36,0.0
2026-04-23 19:30:00,15.4,4.19,0.0
2026-04-23 19:45:00,15.3,4.03,0.0
2026-04-23 20:00:00,15.1,3.89,0.0
2026-04-23 20:15:00,14.8,3.75,0.0
2026-04-23 20:30:00,14.4,3.64,0.0
2026-04-23 20:45:00,14.1,3.53,0.0
2026-04-23 21:00:00,13.7,3.5,0.0
2026-04-23 21:15:00,13.4,3.44,0.0
2026-04-23 21:30:00,13.1,3.47,0.0
2026-04-23 21:45:00,12.8,3.5,0.0
2026-04-23 22:00:00,12.6,3.56,0.0
2026-04-23 22:15:00,12.4,3.47,0.0
2026-04-23 22:30:00,12.2,3.33,0.0
2026-04-23 22:45:00,12.1,3.11,0.0
2026-04-23 23:00:00,11.9,3.0,0.0
2026-04-23 23:15:00,11.6,2.89,0.0
2026-04-23 23:30:00,11.4,2.69,0.0
2026-04-23 23:45:00,11.1,2.56,0.0
2026-04-24 00:00:00,10.8,2.42,0.0
2026-04-24 00:15:00,10.6,2.33,0.0
2026-04-24 00:30:00,10.3,2.25,0.0
2026-04-24 00:45:00,10.1,2.08,0.0
2026-04-24 01:00:00,9.8,2.08,0.0
2026-04-24 01:15:00,9.6,2.11,0.0
2026-04-24 01:30:00,9.4,2.11,0.0
2026-04-24 01:45:00,9.2,2.22,0.0
2026-04-24 02:00:00,9.0,2.28,0.0
2026-04-24 02:15:00,8.8,2.28,0.0
2026-04-24 02:30:00,8.7,2.22,0.0
2026-04-24 02:45:00,8.5,2.17,0.0
2026-04-24 03:00:00,8.3,2.06,0.0
2026-04-24 03:15:00,8.1,2.03,0.0
2026-04-24 03:30:00,8.0,2.08,0.0
2026-04-24 03:45:00,7.8,2.17,0.0
2026-04-24 04:00:00,7.6,2.14,0.0
2026-04-24 04:15:00,7.4,2.14,0.0
2026-04-24 04:30:00,7.2,2.14,0.0
2026-04-24 04:45:00,7.0,2.14,0.0
2026-04-24 05:00:00,6.8,2.14,0.0
2026-04-24 05:15:00,6.7,2.14,0.0
2026-04-24 05:30:00,6.5,2.11,0.0
2026-04-24 05:45:00,6.4,2.11,0.0
2026-04-24 06:00:00,6.3,2.22,0.0
2026-04-24 06:15:00,6.3,2.31,50.42
2026-04-24 06:30:00,6.3,2.42,529.21
2026-04-24 06:45:00,6.4,2.61,900.0
2026-04-24 07:00:00,6.6,2.72,900.0
2026-04-24 07:15:00,6.9,2.83,900.0
2026-04-24 07:30:00,7.4,2.97,900.0
2026-04-24 07:45:00,7.8,3.17,900.0
2026-04-24 08:00:00,8.3,3.31,859.54
2026-04-24 08:15:00,8.7,3.53,900.0
2026-04-24 08:30:00,9.1,3.75,900.0
2026-04-24 08:45:00,9.5,4.06,900.0
2026-04-24 09:00:00,9.9,4.17,900.0
2026-04-24 09:15:00,10.2,4.19,900.0
2026-04-24 09:30:00,10.6,4.25,900.0
2026-04-24 09:45:00,10.9,4.17,900.0
2026-04-24 10:00:00,11.1,4.11,900.0
2026-04-24 10:15:00,11.2,4.11,900.0
2026-04-24 10:30:00,11.2,4.0,900.0
2026-04-24 10:45:00,11.2,3.94,900.0
2026-04-24 11:00:00,11.2,3.94,900.0
2026-04-24 11:15:00,11.3,4.0,900.0
2026-04-24 11:30:00,11.5,4.08,900.0
2026-04-24 11:45:00,11.7,4.17,900.0
2026-04-24 12:00:00,11.8,4.31,900.0
2026-04-24 12:15:00,11.8,4.47,900.0
2026-04-24 12:30:00,11.7,4.56,900.0
2026-04-24 12:45:00,11.6,4.75,900.0
2026-04-24 13:00:00,11.6,4.81,900.0
2026-04-24 13:15:00,11.7,4.86,900.0
2026-04-24 13:30:00,11.9,4.83,900.0
2026-04-24 13:45:00,12.2,4.75,900.0
2026-04-24 14:00:00,12.3,4.75,900.0
2026-04-24 14:15:00,12.4,4.75,900.0
2026-04-24 14:30:00,12.4,4.83,900.0
2026-04-24 14:45:00,12.4,4.78,900.0
2026-04-24 15:00:00,12.4,4.78,900.0
2026-04-24 15:15:00,12.4,4.78,900.0
2026-04-24 15:30:00,12.3,4.75,900.0
2026-04-24 15:45:00,12.2,4.72,900.0
2026-04-24 16:00:00,12.2,4.64,900.0
2026-04-24 16:15:00,12.1,4.56,900.0
2026-04-24 16:30:00,12.0,4.47,900.0
2026-04-24 16:45:00,12.0,4.33,900.0
2026-04-24 17:00:00,11.9,4.33,900.0
2026-04-24 17:15:00,11.7,4.33,900.0
2026-04-24 17:30:00,11.6,4.28,900.0
2026-04-24 17:45:00,11.4,4.36,900.0
2026-04-24 18:00:00,11.3,4.31,900.0
2026-04-24 18:15:00,11.1,4.25,876.25
2026-04-24 18:30:00,11.0,4.19,695.02
2026-04-24 18:45:00,10.8,4.06,518.5
2026-04-24 19:00:00,10.6,4.0,348.21
2026-04-24 19:15:00,10.5,3.94,72.46
2026-04-24 19:30:00,10.3,3.89,0.0
2026-04-24 19:45:00,10.2,3.81,0.0
2026-04-24 20:00:00,10.0,3.75,0.0
2026-04-24 20:15:00,9.9,3.61,0.0
2026-04-24 20:30:00,9.8,3.5,0.0
2026-04-24 20:45:00,9.7,3.33,0.0
2026-04-24 21:00:00,9.6,3.19,0.0
2026-04-24 21:15:00,9.5,3.06,0.0
2026-04-24 21:30:00,9.4,2.81,0.0
2026-04-24 21:45:00,9.3,2.67,0.0
2026-04-24 22:00:00,9.2,2.56,0.0
2026-04-24 22:15:00,8.9,2.53,0.0
2026-04-24 22:30:00,8.6,2.5,0.0
2026-04-24 22:45:00,8.3,2.61,0.0
2026-04-24 23:00:00,8.0,2.61,0.0
2026-04-24 23:15:00,7.8,2.61,0.0
2026-04-24 23:30:00,7.6,2.61,0.0
2026-04-24 23:45:00,7.5,2.5,0.0
2026-04-25 00:00:00,7.3,2.5,0.0
2026-04-25 00:15:00,7.2,2.5,0.0
2026-04-25 00:30:00,7.1,2.53,0.0
2026-04-25 00:45:00,7.0,2.53,0.0
2026-04-25 01:00:00,6.9,2.56,0.0
2026-04-25 01:15:00,6.8,2.44,0.0
2026-04-25 01:30:00,6.7,2.36,0.0
2026-04-25 01:45:00,6.6,2.22,0.0
2026-04-25 02:00:00,6.5,2.11,0.0
2026-04-25 02:15:00,6.4,2.11,0.0
2026-04-25 02:30:00,6.4,2.11,0.0
2026-04-25 02:45:00,6.4,2.11,0.0
2026-04-25 03:00:00,6.4,2.19,0.0
2026-04-25 03:15:00,6.5,2.31,0.0
2026-04-25 03:30:00,6.5,2.42,0.0
2026-04-25 03:45:00,6.6,2.5,0.0
2026-04-25 04:00:00,6.6,2.61,0.0
2026-04-25 04:15:00,6.7,2.61,0.0
2026-04-25 04:30:00,6.7,2.61,0.0
2026-04-25 04:45:00,6.7,2.5,0.0
2026-04-25 05:00:00,6.7,2.5,0.0
2026-04-25 05:15:00,6.7,2.5,0.0
2026-04-25 05:30:00,6.6,2.5,0.0
2026-04-25 05:45:00,6.6,2.5,0.0
2026-04-25 06:00:00,6.6,2.5,0.0
2026-04-25 06:15:00,6.6,2.53,0.0
2026-04-25 06:30:00,6.6,2.56,124.05
2026-04-25 06:45:00,6.6,2.58,744.57
2026-04-25 07:00:00,6.8,2.67,770.0
2026-04-25 07:15:00,7.2,2.83,719.67
2026-04-25 07:30:00,7.8,3.03,900.0
2026-04-25 07:45:00,8.4,3.31,760.32
2026-04-25 08:00:00,8.8,3.61,863.79
2026-04-25 08:15:00,9.1,4.0,416.83
2026-04-25 08:30:00,9.4,4.42,900.0
2026-04-25 08:45:00,9.6,4.86,342.46
2026-04-25 09:00:00,9.8,5.06,900.0
2026-04-25 09:15:00,10.0,5.08,900.0
2026-04-25 09:30:00,10.3,4.97,387.21
2026-04-25 09:45:00,10.5,4.78,650.53
2026-04-25 10:00:00,10.8,4.67,696.35
2026-04-25 10:15:00,11.2,4.67,900.0
2026-04-25 10:30:00,11.6,4.67,900.0
2026-04-25 10:45:00,12.0,4.75,900.0
2026-04-25 11:00:00,12.3,4.75,900.0
2026-04-25 11:15:00,12.6,4.67,900.0
2026-04-25 11:30:00,12.9,4.56,900.0
2026-04-25 11:45:00,13.2,4.36,900.0
2026-04-25 12:00:00,13.5,4.36,900.0
2026-04-25 12:15:00,13.9,4.44,900.0
2026-04-25 12:30:00,14.2,4.56,900.0
2026-04-25 12:45:00,14.6,4.75,900.0
2026-04-25 13:00:00,15.0,4.86,900.0
2026-04-25 13:15:00,15.6,4.86,900.0
2026-04-25 13:30:00,16.2,4.86,900.0
2026-04-25 13:45:00,16.8,4.78,900.0
2026-04-25 14:00:00,17.3,4.78,900.0
2026-04-25 14:15:00,17.6,4.81,900.0
2026-04-25 14:30:00,17.9,4.81,900.0
2026-04-25 14:45:00,18.1,4.92,900.0
2026-04-25 15:00:00,18.3,4.92,900.0
2026-04-25 15:15:00,18.5,4.94,900.0
2026-04-25 15:30:00,18.6,4.94,900.0
2026-04-25 15:45:00,18.7,5.08,900.0
2026-04-25 16:00:00,18.9,5.08,900.0
2026-04-25 16:15:00,19.1,5.19,900.0
2026-04-25 16:30:00,19.3,5.28,900.0
2026-04-25 16:45:00,19.4,5.42,900.0
2026-04-25 17:00:00,19.5,5.5,900.0
2026-04-25 17:15:00,19.5,5.5,900.0
2026-04-25 17:30:00,19.4,5.44,900.0
2026-04-25 17:45:00,19.2,5.33,900.0
2026-04-25 18:00:00,19.0,5.25,900.0
2026-04-25 18:15:00,18.8,5.11,900.0
2026-04-25 18:30:00,18.5,5.0,900.0
2026-04-25 18:45:00,18.3,4.89,900.0
2026-04-25 19:00:00,18.0,4.75,900.0
2026-04-25 19:15:00,17.8,4.56,113.38
2026-04-25 19:30:00,17.7,4.31,0.0
2026-04-25 19:45:00,17.5,4.03,0.0
2026-04-25 20:00:00,17.3,3.83,0.0
2026-04-25 20:15:00,16.9,3.67,0.0
2026-04-25 20:30:00,16.5,3.56,0.0
2026-04-25 20:45:00,16.1,3.53,0.0
2026-04-25 21:00:00,15.8,3.5,0.0
2026-04-25 21:15:00,15.5,3.53,0.0
2026-04-25 21:30:00,15.2,3.67,0.0
2026-04-25 21:45:00,15.0,3.86,0.0
2026-04-25 22:00:00,14.8,4.03,0.0
2026-04-25 22:15:00,14.5,4.25,0.0
2026-04-25 22:30:00,14.2,4.5,0.0
2026-04-25 22:45:00,14.0,4.78,0.0
2026-04-25 23:00:00,13.7,5.08,0.0
2026-04-25 23:15:00,13.6,5.25,0.0
2026-04-25 23:30:00,13.5,5.47,0.0
2026-04-25 23:45:00,13.4,5.64,0.0
2026-04-26 00:00:00,13.1,5.81,0.0
2026-04-26 00:15:00,12.7,6.0,0.0
2026-04-26 00:30:00,12.1,6.36,0.0
2026-04-26 00:45:00,11.5,6.72,0.0
2026-04-26 01:00:00,11.0,7.0,0.0
2026-04-26 01:15:00,10.6,7.08,0.0
2026-04-26 01:30:00,10.3,6.94,0.0
2026-04-26 01:45:00,10.0,6.81,0.0
2026-04-26 02:00:00,9.7,6.67,0.0
2026-04-26 02:15:00,9.3,6.44,0.0
2026-04-26 02:30:00,9.0,6.22,0.0
2026-04-26 02:45:00,8.6,5.97,0.0
2026-04-26 03:00:00,8.3,5.89,0.0
2026-04-26 03:15:00,8.1,5.72,0.0
2026-04-26 03:30:00,7.9,5.61,0.0
2026-04-26 03:45:00,7.7,5.47,0.0
2026-04-26 04:00:00,7.5,5.39,0.0
2026-04-26 04:15:00,7.4,5.33,0.0
2026-04-26 04:30:00,7.3,5.42,0.0
2026-04-26 04:45:00,7.3,5.44,0.0
2026-04-26 05:00:00,7.2,5.44,0.0
2026-04-26 05:15:00,7.1,5.31,0.0
2026-04-26 05:30:00,7.0,5.17,0.0
2026-04-26 05:45:00,6.9,4.94,0.0
2026-04-26 06:00:00,6.8,4.83,0.0
2026-04-26 06:15:00,6.7,4.75,0.0
2026-04-26 06:30:00,6.6,4.61,372.76
2026-04-26 06:45:00,6.6,4.56,806.53
2026-04-26 07:00:00,6.6,4.42,900.0
2026-04-26 07:15:00,6.7,4.33,900.0
2026-04-26 07:30:00,6.8,4.33,900.0
2026-04-26 07:45:00,7.0,4.25,900.0
2026-04-26 08:00:00,7.2,4.25,900.0
2026-04-26 08:15:00,7.4,4.25,900.0
2026-04-26 08:30:00,7.6,4.31,900.0
2026-04-26 08:45:00,7.8,4.33,900.0
2026-04-26 09:00:00,8.0,4.42,900.0
2026-04-26 09:15:00,8.2,4.33,900.0
2026-04-26 09:30:00,8.5,4.31,900.0
2026-04-26 09:45:00,8.7,4.31,900.0
2026-04-26 10:00:00,9.0,4.31,900.0
2026-04-26 10:15:00,9.3,4.47,900.0
2026-04-26 10:30:00,9.7,4.67,900.0
2026-04-26 10:45:00,10.0,4.81,900.0
2026-04-26 11:00:00,10.3,4.94,900.0
2026-04-26 11:15:00,10.5,4.97,900.0
2026-04-26 11:30:00,10.8,4.94,900.0
2026-04-26 11:45:00,11.0,4.97,900.0
2026-04-26 12:00:00,11.2,4.97,900.0
2026-04-26 12:15:00,11.5,5.0,900.0
2026-04-26 12:30:00,11.8,4.97,900.0
2026-04-26 12:45:00,12.1,5.0,900.0
2026-04-26 13:00:00,12.3,5.0,900.0
2026-04-26 13:15:00,12.5,5.0,900.0
2026-04-26 13:30:00,12.7,5.14,900.0
2026-04-26 13:45:00,12.8,5.14,900.0
2026-04-26 14:00:00,12.9,5.11,900.0
2026-04-26 14:15:00,12.9,5.0,900.0
2026-04-26 14:30:00,12.9,4.97,900.0
2026-04-26 14:45:00,12.9,4.92,900.0
2026-04-26 15:00:00,12.9,4.81,900.0
2026-04-26 15:15:00,12.9,4.75,900.0
2026-04-26 15:30:00,13.0,4.86,900.0
2026-04-26 15:45:00,13.1,4.97,900.0
2026-04-26 16:00:00,13.1,4.94,900.0
2026-04-26 16:15:00,13.2,4.75,900.0
2026-04-26 16:30:00,13.2,4.42,900.0
2026-04-26 16:45:00,13.3,4.08,900.0
2026-04-26 17:00:00,13.3,3.89,900.0
2026-04-26 17:15:00,13.3,3.72,900.0
2026-04-26 17:30:00,13.4,3.61,900.0
2026-04-26 17:45:00,13.3,3.39,900.0
2026-04-26 18:00:00,13.3,3.31,900.0
2026-04-26 18:15:00,13.2,3.22,900.0
2026-04-26 18:30:00,13.0,3.08,900.0
2026-04-26 18:45:00,12.8,3.0,900.0
2026-04-26 19:00:00,12.6,2.86,900.0
2026-04-26 19:15:00,12.4,2.69,900.0
2026-04-26 19:30:00,12.3,2.53,782.03
2026-04-26 19:45:00,12.0,2.36,65.85
2026-04-26 20:00:00,11.8,2.11,0.0
2026-04-26 20:15:00,11.6,1.81,0.0
2026-04-26 20:30:00,11.3,1.56,0.0
2026-04-26 20:45:00,11.0,1.33,0.0
2026-04-26 21:00:00,10.7,1.28,0.0
2026-04-26 21:15:00,10.5,1.19,0.0
2026-04-26 21:30:00,10.2,1.14,0.0
2026-04-26 21:45:00,9.9,1.08,0.0
2026-04-26 22:00:00,9.6,1.03,0.0
2026-04-26 22:15:00,9.2,0.97,0.0
2026-04-26 22:30:00,8.8,1.03,0.0
2026-04-26 22:45:00,8.3,1.11,0.0
2026-04-26 23:00:00,7.9,1.11,0.0
2026-04-26 23:15:00,7.7,1.11,0.0
2026-04-26 23:30:00,7.4,1.0,0.0
2026-04-26 23:45:00,7.3,0.92,0.0
2026-04-27 00:00:00,7.2,0.81,0.0
2026-04-27 00:15:00,7.1,0.72,0.0
2026-04-27 00:30:00,7.2,0.58,0.0
2026-04-27 00:45:00,7.2,0.5,0.0
2026-04-27 01:00:00,7.1,0.53,0.0
2026-04-27 01:15:00,6.9,0.61,0.0
2026-04-27 01:30:00,6.5,0.61,0.0
2026-04-27 01:45:00,6.1,0.69,0.0
2026-04-27 02:00:00,5.8,0.69,0.0
2026-04-27 02:15:00,5.6,0.69,0.0
2026-04-27 02:30:00,5.4,0.69,0.0
2026-04-27 02:45:00,5.3,0.69,0.0
2026-04-27 03:00:00,5.2,0.69,0.0
2026-04-27 03:15:00,5.0,0.69,0.0
2026-04-27 03:30:00,4.8,0.81,0.0
2026-04-27 03:45:00,4.6,0.92,0.0
2026-04-27 04:00:00,4.4,0.92,0.0
2026-04-27 04:15:00,4.2,0.92,0.0
2026-04-27 04:30:00,3.9,1.03,0.0
2026-04-27 04:45:00,3.7,1.06,0.0
2026-04-27 05:00:00,3.5,1.06,0.0
2026-04-27 05:15:00,3.3,1.03,0.0
2026-04-27 05:30:00,3.2,1.0,0.0
2026-04-27 05:45:00,3.0,1.0,0.0
2026-04-27 06:00:00,3.0,1.06,0.0
2026-04-27 06:15:00,3.0,1.08,252.83
2026-04-27 06:30:00,3.0,1.08,798.16
2026-04-27 06:45:00,3.1,1.06,900.0
2026-04-27 07:00:00,3.3,1.14,900.0
2026-04-27 07:15:00,3.7,1.14,900.0
2026-04-27 07:30:00,4.2,1.06,900.0
2026-04-27 07:45:00,4.8,1.0,900.0
2026-04-27 08:00:00,5.3,1.0,900.0
2026-04-27 08:15:00,5.9,1.0,900.0
2026-04-27 08:30:00,6.5,1.06,900.0
2026-04-27 08:45:00,7.1,1.14,900.0
2026-04-27 09:00:00,7.7,1.19,900.0
2026-04-27 09:15:00,8.4,1.28,900.0
2026-04-27 09:30:00,9.0,1.36,900.0
2026-04-27 09:45:00,9.7,1.53,900.0
2026-04-27 10:00:00,10.3,1.61,900.0
2026-04-27 10:15:00,10.8,1.75,900.0
2026-04-27 10:30:00,11.3,2.03,900.0
2026-04-27 10:45:00,11.7,2.22,900.0
2026-04-27 11:00:00,12.1,2.36,900.0
2026-04-27 11:15:00,12.4,2.44,900.0
2026-04-27 11:30:00,12.7,2.39,900.0
2026-04-27 11:45:00,13.0,2.33,900.0
2026-04-27 12:00:00,13.3,2.28,900.0
2026-04-27 12:15:00,13.5,2.28,900.0
2026-04-27 12:30:00,13.8,2.25,900.0
2026-04-27 12:45:00,14.0,2.22,900.0
2026-04-27 13:00:00,14.2,2.22,900.0
2026-04-27 13:15:00,14.3,2.22,900.0
2026-04-27 13:30:00,14.5,2.25,900.0
2026-04-27 13:45:00,14.6,2.25,900.0
2026-04-27 14:00:00,14.7,2.19,900.0
2026-04-27 14:15:00,14.9,2.14,900.0
2026-04-27 14:30:00,15.0,2.0,900.0
2026-04-27 14:45:00,15.2,1.83,900.0
2026-04-27 15:00:00,15.3,1.81,900.0
2026-04-27 15:15:00,15.4,1.83,900.0
2026-04-27 15:30:00,15.5,2.0,900.0
2026-04-27 15:45:00,15.5,2.31,900.0
2026-04-27 16:00:00,15.6,2.39,900.0
2026-04-27 16:15:00,15.6,2.42,900.0
2026-04-27 16:30:00,15.6,2.44,900.0
2026-04-27 16:45:00,15.5,2.36,900.0
2026-04-27 17:00:00,15.5,2.36,900.0
2026-04-27 17:15:00,15.4,2.44,900.0
2026-04-27 17:30:00,15.3,2.64,900.0
2026-04-27 17:45:00,15.2,2.72,900.0
2026-04-27 18:00:00,15.1,2.81,900.0
2026-04-27 18:15:00,15.0,2.81,900.0
2026-04-27 18:30:00,14.8,2.81,900.0
2026-04-27 18:45:00,14.7,2.72,900.0
2026-04-27 19:00:00,14.5,2.53,463.44
2026-04-27 19:15:00,14.4,2.22,455.08
2026-04-27 19:30:00,14.3,1.92,142.25
2026-04-27 19:45:00,14.2,1.53,0.0
2026-04-27 20:00:00,14.1,1.28,0.0
2026-04-27 20:15:00,13.9,1.08,0.0
2026-04-27 20:30:00,13.7,1.03,0.0
2026-04-27 20:45:00,13.5,1.22,0.0
2026-04-27 21:00:00,13.3,1.42,0.0
2026-04-27 21:15:00,13.1,1.44,0.0
2026-04-27 21:30:00,12.8,1.33,0.0
2026-04-27 21:45:00,12.6,1.36,0.0
2026-04-27 22:00:00,12.4,1.28,0.0
2026-04-27 22:15:00,12.1,1.19,0.0
2026-04-27 22:30:00,11.9,1.06,0.0
2026-04-27 22:45:00,11.6,0.92,0.0
2026-04-27 23:00:00,11.4,0.86,0.0
2026-04-27 23:15:00,11.2,0.86,0.0
2026-04-27 23:30:00,11.0,0.92,0.0
2026-04-27 23:45:00,10.8,0.92,0.0
2026-04-28 00:00:00,10.7,0.94,0.0
2026-04-28 00:15:00,10.6,0.81,0.0
2026-04-28 00:30:00,10.6,0.56,0.0
2026-04-28 00:45:00,10.6,0.31,0.0
2026-04-28 01:00:00,10.4,0.31,0.0
2026-04-28 01:15:00,10.0,0.75,0.0
2026-04-28 01:30:00,9.5,1.42,0.0
2026-04-28 01:45:00,8.9,2.19,0.0
2026-04-28 02:00:00,8.5,2.78,0.0
2026-04-28 02:15:00,8.1,3.08,0.0
2026-04-28 02:30:00,7.8,3.28,0.0
2026-04-28 02:45:00,7.6,3.5,0.0
2026-04-28 03:00:00,7.3,3.61,0.0
2026-04-28 03:15:00,7.1,3.72,0.0
2026-04-28 03:30:00,6.9,3.72,0.0
2026-04-28 03:45:00,6.8,3.67,0.0
2026-04-28 04:00:00,6.6,3.67,0.0
2026-04-28 04:15:00,6.4,3.72,0.0
2026-04-28 04:30:00,6.2,3.75,0.0
2026-04-28 04:45:00,6.0,3.72,0.0
2026-04-28 05:00:00,5.8,3.67,0.0
2026-04-28 05:15:00,5.7,3.5,0.0
2026-04-28 05:30:00,5.5,3.31,0.0
2026-04-28 05:45:00,5.3,3.08,0.0
2026-04-28 06:00:00,5.2,2.92,0.0
2026-04-28 06:15:00,5.1,2.75,0.0
2026-04-28 06:30:00,5.1,2.61,307.24
2026-04-28 06:45:00,5.0,2.47,354.03
2026-04-28 07:00:00,5.1,2.42,721.66
2026-04-28 07:15:00,5.2,2.5,900.0
2026-04-28 07:30:00,5.3,2.78,900.0
2026-04-28 07:45:00,5.5,3.14,900.0
2026-04-28 08:00:00,5.7,3.31,900.0
2026-04-28 08:15:00,6.0,3.31,900.0
2026-04-28 08:30:00,6.2,3.19,900.0
2026-04-28 08:45:00,6.6,3.11,900.0
2026-04-28 09:00:00,6.9,3.0,900.0
2026-04-28 09:15:00,7.2,2.89,900.0
2026-04-28 09:30:00,7.6,2.81,900.0
2026-04-28 09:45:00,8.0,2.69,900.0
2026-04-28 10:00:00,8.4,2.72,900.0
2026-04-28 10:15:00,8.8,2.83,900.0
2026-04-28 10:30:00,9.2,2.94,900.0
2026-04-28 10:45:00,9.6,3.06,900.0
2026-04-28 11:00:00,9.9,3.17,900.0
2026-04-28 11:15:00,10.3,3.19,900.0
2026-04-28 11:30:00,10.6,3.17,900.0
2026-04-28 11:45:00,11.0,3.11,900.0
2026-04-28 12:00:00,11.3,3.14,900.0
2026-04-28 12:15:00,11.6,3.14,900.0
2026-04-28 12:30:00,11.9,3.14,900.0
2026-04-28 12:45:00,12.2,3.14,900.0
2026-04-28 13:00:00,12.4,3.14,900.0
2026-04-28 13:15:00,12.5,3.14,900.0
2026-04-28 13:30:00,12.6,3.08,900.0
2026-04-28 13:45:00,12.6,3.0,900.0
2026-04-28 14:00:00,12.7,3.03,900.0
2026-04-28 14:15:00,12.8,3.08,900.0
2026-04-28 14:30:00,13.0,3.22,900.0
2026-04-28 14:45:00,13.1,3.36,900.0
2026-04-28 15:00:00,13.2,3.36,900.0
2026-04-28 15:15:00,13.3,3.36,900.0
2026-04-28 15:30:00,13.4,3.36,900.0
2026-04-28 15:45:00,13.4,3.22,900.0
2026-04-28 16:00:00,13.5,3.22,900.0
2026-04-28 16:15:00,13.5,3.14,900.0
2026-04-28 16:30:00,13.6,3.14,900.0
2026-04-28 16:45:00,13.6,3.11,900.0
2026-04-28 17:00:00,13.6,3.17,900.0
2026-04-28 17:15:00,13.5,3.42,900.0
2026-04-28 17:30:00,13.3,3.69,900.0
2026-04-28 17:45:00,13.1,4.03,900.0
2026-04-28 18:00:00,12.9,4.11,900.0
2026-04-28 18:15:00,12.7,3.97,900.0
2026-04-28 18:30:00,12.4,3.69,900.0
2026-04-28 18:45:00,12.2,3.36,900.0
2026-04-28 19:00:00,12.0,3.17,900.0
2026-04-28 19:15:00,11.8,3.06,900.0
2026-04-28 19:30:00,11.8,2.89,900.0
2026-04-28 19:45:00,11.7,2.86,231.3
2026-04-28 20:00:00,11.5,2.83,0.0
2026-04-28 20:15:00,11.2,2.75,0.0
2026-04-28 20:30:00,10.8,2.64,0.0
2026-04-28 20:45:00,10.4,2.47,0.0
2026-04-28 21:00:00,10.0,2.28,0.0
2026-04-28 21:15:00,9.8,2.08,0.0
2026-04-28 21:30:00,9.6,1.89,0.0
2026-04-28 21:45:00,9.4,1.67,0.0
2026-04-28 22:00:00,9.2,1.5,0.0
2026-04-28 22:15:00,8.9,1.36,0.0
2026-04-28 22:30:00,8.7,1.17,0.0
2026-04-28 22:45:00,8.4,1.08,0.0
2026-04-28 23:00:00,8.2,0.97,0.0
2026-04-28 23:15:00,7.9,0.89,0.0
2026-04-28 23:30:00,7.7,0.94,0.0
2026-04-28 23:45:00,7.5,0.86,0.0
2026-04-29 00:00:00,7.3,0.86,0.0
2026-04-29 00:15:00,7.2,0.81,0.0
2026-04-29 00:30:00,7.2,0.83,0.0
2026-04-29 00:45:00,7.2,0.89,0.0
2026-04-29 01:00:00,7.0,1.0,0.0
2026-04-29 01:15:00,6.5,1.06,0.0
2026-04-29 01:30:00,5.9,1.31,0.0
2026-04-29 01:45:00,5.2,1.56,0.0
2026-04-29 02:00:00,4.7,1.83,0.0
2026-04-29 02:15:00,4.4,2.06,0.0
2026-04-29 02:30:00,4.2,2.14,0.0
2026-04-29 02:45:00,4.1,2.22,0.0
2026-04-29 03:00:00,4.0,2.31,0.0
2026-04-29 03:15:00,3.9,2.36,0.0
2026-04-29 03:30:00,3.8,2.42,0.0
2026-04-29 03:45:00,3.7,2.47,0.0
2026-04-29 04:00:00,3.5,2.47,0.0
2026-04-29 04:15:00,3.4,2.42,0.0
2026-04-29 04:30:00,3.2,2.19,0.0
2026-04-29 04:45:00,3.0,1.97,0.0
2026-04-29 05:00:00,2.8,1.83,0.0
2026-04-29 05:15:00,2.6,1.78,0.0
2026-04-29 05:30:00,2.4,1.78,0.0
2026-04-29 05:45:00,2.3,1.86,0.0
2026-04-29 06:00:00,2.2,1.86,0.0
2026-04-29 06:15:00,2.2,1.86,352.88
2026-04-29 06:30:00,2.2,1.86,886.7
2026-04-29 06:45:00,2.3,1.86,900.0
2026-04-29 07:00:00,2.5,1.97,900.0
2026-04-29 07:15:00,2.8,2.33,900.0
2026-04-29 07:30:00,3.3,2.83,900.0
2026-04-29 07:45:00,3.8,3.36,900.0
2026-04-29 08:00:00,4.3,3.75,900.0
2026-04-29 08:15:00,4.7,3.92,900.0
2026-04-29 08:30:00,5.2,3.86,900.0
2026-04-29 08:45:00,5.7,3.81,900.0
2026-04-29 09:00:00,6.1,3.81,900.0
2026-04-29 09:15:00,6.4,3.86,900.0
2026-04-29 09:30:00,6.8,3.92,900.0
2026-04-29 09:45:00,7.1,3.97,900.0
2026-04-29 10:00:00,7.4,4.0,900.0
2026-04-29 10:15:00,7.7,4.06,900.0
2026-04-29 10:30:00,8.0,4.03,900.0
2026-04-29 10:45:00,8.2,4.03,900.0
2026-04-29 11:00:00,8.5,4.11,900.0
2026-04-29 11:15:00,8.7,4.19,900.0
2026-04-29 11:30:00,9.0,4.42,900.0
2026-04-29 11:45:00,9.2,4.56,900.0
2026-04-29 12:00:00,9.4,4.61,900.0
2026-04-29 12:15:00,9.5,4.61,900.0
2026-04-29 12:30:00,9.7,4.47,900.0
2026-04-29 12:45:00,9.8,4.33,900.0
2026-04-29 13:00:00,9.9,4.25,900.0
2026-04-29 13:15:00,10.0,4.19,900.0
2026-04-29 13:30:00,10.1,4.11,900.0
2026-04-29 13:45:00,10.2,4.06,900.0
2026-04-29 14:00:00,10.3,4.08,900.0
2026-04-29 14:15:00,10.4,4.14,900.0
2026-04-29 14:30:00,10.6,4.39,900.0
2026-04-29 14:45:00,10.7,4.61,900.0
2026-04-29 15:00:00,10.8,4.69,900.0
2026-04-29 15:15:00,10.8,4.56,900.0
2026-04-29 15:30:00,10.8,4.47,900.0
2026-04-29 15:45:00,10.7,4.53,900.0
2026-04-29 16:00:00,10.6,4.67,900.0
2026-04-29 16:15:00,10.5,4.89,900.0
2026-04-29 16:30:00,10.3,5.11,900.0
2026-04-29 16:45:00,10.2,5.39,900.0
2026-04-29 17:00:00,10.1,5.44,900.0
2026-04-29 17:15:00,10.1,5.31,900.0
2026-04-29 17:30:00,10.2,4.94,900.0
2026-04-29 17:45:00,10.2,4.61,900.0
2026-04-29 18:00:00,10.3,4.33,900.0
2026-04-29 18:15:00,10.2,4.14,900.0
2026-04-29 18:30:00,10.2,3.92,900.0
2026-04-29 18:45:00,10.1,3.78,900.0
2026-04-29 19:00:00,9.9,3.56,900.0
2026-04-29 19:15:00,9.8,3.47,900.0
2026-04-29 19:30:00,9.6,3.39,900.0
2026-04-29 19:45:00,9.4,3.33,300.7
2026-04-29 20:00:00,9.2,3.19,27.56
2026-04-29 20:15:00,8.9,2.97,0.0
2026-04-29 20:30:00,8.6,2.61,0.0
2026-04-29 20:45:00,8.4,2.36,0.0
2026-04-29 21:00:00,8.1,2.08,0.0
2026-04-29 21:15:00,7.8,1.86,0.0
2026-04-29 21:30:00,7.6,1.72,0.0
2026-04-29 21:45:00,7.3,1.56,0.0
2026-04-29 22:00:00,7.0,1.42,0.0
2026-04-29 22:15:00,6.7,1.28,0.0
2026-04-29 22:30:00,6.4,1.22,0.0
2026-04-29 22:45:00,6.2,1.08,0.0
2026-04-29 23:00:00,5.9,0.94,0.0
2026-04-29 23:15:00,5.7,0.81,0.0
2026-04-29 23:30:00,5.6,0.58,0.0
2026-04-29 23:45:00,5.4,0.5,0.0
2026-04-30 00:00:00,5.3,0.28,0.0
2026-04-30 00:15:00,5.2,0.19,0.0
2026-04-30 00:30:00,5.2,0.31,0.0
2026-04-30 00:45:00,5.1,0.5,0.0
2026-04-30 01:00:00,4.9,0.69,0.0
2026-04-30 01:15:00,4.6,0.81,0.0
2026-04-30 01:30:00,4.1,0.83,0.0
2026-04-30 01:45:00,3.6,0.72,0.0
2026-04-30 02:00:00,3.2,0.75,0.0
2026-04-30 02:15:00,2.9,0.81,0.0
2026-04-30 02:30:00,2.7,0.86,0.0
2026-04-30 02:45:00,2.5,1.0,0.0
2026-04-30 03:00:00,2.4,1.06,0.0
2026-04-30 03:15:00,2.3,1.06,0.0
2026-04-30 03:30:00,2.2,1.14,0.0
2026-04-30 03:45:00,2.1,1.08,0.0
2026-04-30 04:00:00,2.0,1.08,0.0
2026-04-30 04:15:00,1.9,1.0,0.0
2026-04-30 04:30:00,1.7,0.92,0.0
2026-04-30 04:45:00,1.6,0.92,0.0
2026-04-30 05:00:00,1.5,0.78,0.0
2026-04-30 05:15:00,1.5,0.72,0.0
2026-04-30 05:30:00,1.5,0.67,0.0
2026-04-30 05:45:00,1.6,0.69,0.0
2026-04-30 06:00:00,1.7,0.69,2.17
2026-04-30 06:15:00,1.8,0.81,396.42
2026-04-30 06:30:00,1.9,0.92,900.0
2026-04-30 06:45:00,2.0,0.92,900.0
2026-04-30 07:00:00,2.3,1.03,900.0
2026-04-30 07:15:00,2.6,1.06,900.0
2026-04-30 07:30:00,3.0,1.08,900.0
2026-04-30 07:45:00,3.4,1.11,900.0
2026-04-30 08:00:00,3.9,1.11,900.0
2026-04-30 08:15:00,4.4,1.28,900.0
2026-04-30 08:30:00,5.0,1.42,900.0
2026-04-30 08:45:00,5.6,1.61,900.0
2026-04-30 09:00:00,6.2,1.81,900.0
2026-04-30 09:15:00,6.9,1.92,900.0
2026-04-30 09:30:00,7.7,2.03,900.0
2026-04-30 09:45:00,8.4,2.08,900.0
2026-04-30 10:00:00,9.1,2.17,900.0
2026-04-30 10:15:00,9.7,2.28,900.0
2026-04-30 10:30:00,10.3,2.47,900.0
2026-04-30 10:45:00,10.8,2.69,900.0
2026-04-30 11:00:00,11.2,2.94,900.0
2026-04-30 11:15:00,11.6,3.08,900.0
2026-04-30 11:30:00,11.9,3.28,900.0
2026-04-30 11:45:00,12.2,3.39,900.0
2026-04-30 12:00:00,12.4,3.44,900.0
2026-04-30 12:15:00,12.6,3.44,900.0
2026-04-30 12:30:00,12.8,3.25,900.0
2026-04-30 12:45:00,13.0,3.11,900.0
2026-04-30 13:00:00,13.2,3.0,900.0
2026-04-30 13:15:00,13.3,3.0,900.0
2026-04-30 13:30:00,13.5,3.0,900.0
2026-04-30 13:45:00,13.6,3.0,900.0
2026-04-30 14:00:00,13.7,3.0,900.0
2026-04-30 14:15:00,13.8,3.0,900.0
2026-04-30 14:30:00,13.9,3.06,900.0
2026-04-30 14:45:00,14.0,3.14,900.0
2026-04-30 15:00:00,14.1,3.14,900.0
2026-04-30 15:15:00,14.2,3.22,900.0
2026-04-30 15:30:00,14.2,3.28,900.0
2026-04-30 15:45:00,14.2,3.28,900.0
2026-04-30 16:00:00,14.3,3.25,900.0
2026-04-30 16:15:00,14.5,3.03,900.0
2026-04-30 16:30:00,14.7,2.75,900.0
2026-04-30 16:45:00,14.9,2.53,900.0
2026-04-30 17:00:00,15.0,2.31,900.0
2026-04-30 17:15:00,15.0,2.28,900.0
2026-04-30 17:30:00,14.9,2.36,900.0
2026-04-30 17:45:00,14.8,2.44,900.0
2026-04-30 18:00:00,14.7,2.53,900.0
2026-04-30 18:15:00,14.7,2.64,900.0
2026-04-30 18:30:00,14.7,2.83,900.0
2026-04-30 18:45:00,14.7,2.97,900.0
2026-04-30 19:00:00,14.6,2.97,900.0
2026-04-30 19:15:00,14.5,2.78,900.0
2026-04-30 19:30:00,14.4,2.44,900.0
2026-04-30 19:45:00,14.3,2.14,261.66
2026-04-30 20:00:00,14.1,1.72,0.0
2026-04-30 20:15:00,13.9,1.33,0.0
2026-04-30 20:30:00,13.7,1.06,0.0
2026-04-30 20:45:00,13.4,0.67,0.0
2026-04-30 21:00:00,13.1,0.5,0.0
2026-04-30 21:15:00,12.8,0.5,0.0
2026-04-30 21:30:00,12.4,0.61,0.0
2026-04-30 21:45:00,12.1,0.72,0.0
2026-04-30 22:00:00,11.8,0.83,0.0
2026-04-30 22:15:00,11.7,0.92,0.0
2026-04-30 22:30:00,11.6,0.92,0.0
2026-04-30 22:45:00,11.6,0.97,0.0
2026-04-30 23:00:00,11.6,0.97,0.0
2026-04-30 23:15:00,11.5,0.92,0.0
2026-04-30 23:30:00,11.4,0.83,0.0
2026-04-30 23:45:00,11.3,1.0,0.0
2026-05-01 00:00:00,11.2,1.14,0.0
2026-05-01 00:15:00,11.0,1.19,0.0
2026-05-01 00:30:00,10.8,1.31,0.0
2026-05-01 00:45:00,10.6,1.39,0.0
2026-05-01 01:00:00,10.5,1.44,0.0
2026-05-01 01:15:00,10.5,1.53,0.0
2026-05-01 01:30:00,10.6,1.61,0.0
2026-05-01 01:45:00,10.8,1.72,0.0
2026-05-01 02:00:00,10.8,1.69,0.0
2026-05-01 02:15:00,10.6,1.69,0.0
2026-05-01 02:30:00,10.4,1.61,0.0
2026-05-01 02:45:00,10.1,1.5,0.0
2026-05-01 03:00:00,9.9,1.5,0.0
2026-05-01 03:15:00,9.7,1.64,0.0
2026-05-01 03:30:00,9.6,1.72,0.0
2026-05-01 03:45:00,9.5,1.83,0.0
2026-05-01 04:00:00,9.3,1.94,0.0
2026-05-01 04:15:00,9.2,1.97,0.0
2026-05-01 04:30:00,9.0,2.0,0.0
2026-05-01 04:45:00,8.9,1.94,0.0
2026-05-01 05:00:00,8.7,1.97,0.0
2026-05-01 05:15:00,8.5,1.97,0.0
2026-05-01 05:30:00,8.3,1.97,0.0
2026-05-01 05:45:00,8.1,2.06,0.0
2026-05-01 06:00:00,8.0,2.06,0.0
2026-05-01 06:15:00,7.9,2.06,275.55
2026-05-01 06:30:00,7.9,2.06,797.23
2026-05-01 06:45:00,7.9,2.17,900.0
2026-05-01 07:00:00,8.1,2.17,900.0
2026-05-01 07:15:00,8.5,2.17,900.0
2026-05-01 07:30:00,8.9,2.25,900.0
2026-05-01 07:45:00,9.5,2.28,900.0
2026-05-01 08:00:00,10.0,2.39,900.0
2026-05-01 08:15:00,10.5,2.5,900.0
2026-05-01 08:30:00,11.0,2.5,900.0
2026-05-01 08:45:00,11.6,2.64,900.0
2026-05-01 09:00:00,12.1,2.69,900.0
2026-05-01 09:15:00,12.7,2.72,900.0
2026-05-01 09:30:00,13.3,2.86,900.0
2026-05-01 09:45:00,13.9,2.92,900.0
2026-05-01 10:00:00,14.4,2.97,900.0
2026-05-01 10:15:00,14.9,2.97,900.0
2026-05-01 10:30:00,15.5,2.97,900.0
2026-05-01 10:45:00,15.9,3.03,900.0
2026-05-01 11:00:00,16.4,3.03,900.0
2026-05-01 11:15:00,16.9,3.17,900.0
2026-05-01 11:30:00,17.4,3.31,900.0
2026-05-01 11:45:00,17.8,3.5,900.0
2026-05-01 12:00:00,18.3,3.56,900.0
2026-05-01 12:15:00,18.7,3.61,900.0
2026-05-01 12:30:00,19.1,3.61,900.0
2026-05-01 12:45:00,19.4,3.67,900.0
2026-05-01 13:00:00,19.8,3.61,900.0
2026-05-01 13:15:00,20.1,3.58,900.0
2026-05-01 13:30:00,20.4,3.56,900.0
2026-05-01 13:45:00,20.6,3.53,900.0
2026-05-01 14:00:00,20.8,3.44,900.0
2026-05-01 14:15:00,21.0,3.39,900.0
2026-05-01 14:30:00,21.1,3.39,900.0
2026-05-01 14:45:00,21.2,3.39,900.0
2026-05-01 15:00:00,21.3,3.36,900.0
2026-05-01 15:15:00,21.4,3.39,900.0
2026-05-01 15:30:00,21.5,3.39,900.0
2026-05-01 15:45:00,21.6,3.44,900.0
2026-05-01 16:00:00,21.7,3.5,900.0
2026-05-01 16:15:00,21.8,3.61,900.0
2026-05-01 16:30:00,21.9,3.61,900.0
2026-05-01 16:45:00,22.0,3.61,900.0
2026-05-01 17:00:00,22.0,3.61,900.0
2026-05-01 17:15:00,21.9,3.53,900.0
2026-05-01 17:30:00,21.7,3.53,900.0
2026-05-01 17:45:00,21.6,3.36,900.0
2026-05-01 18:00:00,21.4,3.28,900.0
2026-05-01 18:15:00,21.2,3.11,900.0
2026-05-01 18:30:00,21.1,2.94,900.0
2026-05-01 18:45:00,20.9,2.75,900.0
2026-05-01 19:00:00,20.7,2.56,900.0
2026-05-01 19:15:00,20.5,2.33,900.0
2026-05-01 19:30:00,20.2,2.19,900.0
2026-05-01 19:45:00,19.9,2.03,323.59
2026-05-01 20:00:00,19.6,1.83,0.0
2026-05-01 20:15:00,19.2,1.64,0.0
2026-05-01 20:30:00,18.7,1.44,0.0
2026-05-01 20:45:00,18.3,1.36,0.0
2026-05-01 21:00:00,17.9,1.28,0.0
2026-05-01 21:15:00,17.6,1.14,0.0
2026-05-01 21:30:00,17.3,1.08,0.0
2026-05-01 21:45:00,17.1,1.03,0.0
2026-05-01 22:00:00,16.9,0.97,0.0
2026-05-01 22:15:00,16.6,0.94,0.0
2026-05-01 22:30:00,16.4,0.92,0.0
2026-05-01 22:45:00,16.1,0.81,0.0
2026-05-01 23:00:00,15.9,0.81,0.0
2026-05-01 23:15:00,15.6,0.81,0.0
2026-05-01 23:30:00,15.4,0.81,0.0
2026-05-01 23:45:00,15.2,0.81,0.0
2026-05-02 00:00:00,15.0,0.69,0.0
2026-05-02 00:15:00,14.8,0.53,0.0
2026-05-02 00:30:00,14.6,0.5,0.0
2026-05-02 00:45:00,14.4,0.5,0.0
2026-05-02 01:00:00,14.1,0.61,0.0
2026-05-02 01:15:00,13.6,0.58,0.0
2026-05-02 01:30:00,12.9,0.44,0.0
2026-05-02 01:45:00,12.3,0.61,0.0
2026-05-02 02:00:00,11.8,0.61,0.0
2026-05-02 02:15:00,11.6,0.5,0.0
2026-05-02 02:30:00,11.6,0.28,0.0
2026-05-02 02:45:00,11.5,0.5,0.0
2026-05-02 03:00:00,11.4,0.61,0.0
2026-05-02 03:15:00,11.2,0.61,0.0
2026-05-02 03:30:00,10.9,0.53,0.0
2026-05-02 03:45:00,10.5,0.69,0.0
2026-05-02 04:00:00,10.1,0.72,0.0
2026-05-02 04:15:00,9.7,0.72,0.0
2026-05-02 04:30:00,9.2,0.69,0.0
2026-05-02 04:45:00,8.8,0.58,0.0
2026-05-02 05:00:00,8.4,0.58,0.0
2026-05-02 05:15:00,8.2,0.64,0.0
2026-05-02 05:30:00,8.0,0.64,0.0
2026-05-02 05:45:00,7.9,0.67,0.0
2026-05-02 06:00:00,7.9,0.75,0.0
2026-05-02 06:15:00,8.0,0.67,397.48
2026-05-02 06:30:00,8.1,0.58,900.0
2026-05-02 06:45:00,8.4,0.5,900.0
2026-05-02 07:00:00,8.7,0.5,900.0
2026-05-02 07:15:00,9.1,0.58,900.0
2026-05-02 07:30:00,9.6,0.72,900.0
2026-05-02 07:45:00,10.2,0.81,900.0
2026-05-02 08:00:00,10.9,0.89,900.0
2026-05-02 08:15:00,11.7,0.86,900.0
2026-05-02 08:30:00,12.6,0.92,900.0
2026-05-02 08:45:00,13.5,0.92,900.0
2026-05-02 09:00:00,14.3,0.89,900.0
2026-05-02 09:15:00,15.2,1.0,900.0
2026-05-02 09:30:00,16.0,1.0,900.0
2026-05-02 09:45:00,16.8,1.11,900.0
2026-05-02 10:00:00,17.5,1.11,900.0
2026-05-02 10:15:00,18.3,1.11,900.0
2026-05-02 10:30:00,19.0,1.03,900.0
2026-05-02 10:45:00,19.6,1.06,900.0
2026-05-02 11:00:00,20.2,1.06,900.0
2026-05-02 11:15:00,20.6,1.11,900.0
2026-05-02 11:30:00,21.0,1.19,900.0
2026-05-02 11:45:00,21.4,1.31,900.0
2026-05-02 12:00:00,21.7,1.36,900.0
2026-05-02 12:15:00,22.0,1.39,900.0
2026-05-02 12:30:00,22.3,1.39,900.0
2026-05-02 12:45:00,22.5,1.36,900.0
2026-05-02 13:00:00,22.7,1.42,900.0
2026-05-02 13:15:00,22.9,1.5,900.0
2026-05-02 13:30:00,23.0,1.5,900.0
2026-05-02 13:45:00,23.0,1.64,900.0
2026-05-02 14:00:00,23.1,1.64,900.0
2026-05-02 14:15:00,23.2,1.69,900.0
2026-05-02 14:30:00,23.4,1.69,900.0
2026-05-02 14:45:00,23.5,1.83,900.0
2026-05-02 15:00:00,23.6,1.83,900.0
2026-05-02 15:15:00,23.7,1.97,900.0
2026-05-02 15:30:00,23.8,2.06,900.0
2026-05-02 15:45:00,23.8,2.19,900.0
2026-05-02 16:00:00,23.9,2.28,900.0
2026-05-02 16:15:00,24.0,2.28,900.0
2026-05-02 16:30:00,24.1,2.31,900.0
2026-05-02 16:45:00,24.1,2.33,900.0
2026-05-02 17:00:00,24.2,2.36,900.0
2026-05-02 17:15:00,24.2,2.47,900.0
2026-05-02 17:30:00,24.1,2.56,900.0
2026-05-02 17:45:00,24.0,2.64,900.0
2026-05-02 18:00:00,23.9,2.69,900.0
2026-05-02 18:15:00,23.8,2.69,900.0
2026-05-02 18:30:00,23.6,2.78,900.0
2026-05-02 18:45:00,23.4,2.83,900.0
2026-05-02 19:00:00,23.2,2.89,900.0
2026-05-02 19:15:00,23.0,2.83,900.0
2026-05-02 19:30:00,22.8,2.83,900.0
2026-05-02 19:45:00,22.5,2.75,380.17
2026-05-02 20:00:00,22.2,2.69,0.0
2026-05-02 20:15:00,21.7,2.61,0.0
2026-05-02 20:30:00,21.2,2.61,0.0
2026-05-02 20:45:00,20.7,2.5,0.0
2026-05-02 21:00:00,20.2,2.53,0.0
2026-05-02 21:15:00,19.7,2.56,0.0
2026-05-02 21:30:00,19.2,2.56,0.0
2026-05-02 21:45:00,18.8,2.61,0.0
2026-05-02 22:00:00,18.4,2.56,0.0
2026-05-02 22:15:00,18.1,2.44,0.0
2026-05-02 22:30:00,17.9,2.33,0.0
2026-05-02 22:45:00,17.6,2.25,0.0
2026-05-02 23:00:00,17.4,2.17,0.0
2026-05-02 23:15:00,17.2,2.06,0.0
2026-05-02 23:30:00,16.9,1.97,0.0
2026-05-02 23:45:00,16.7,1.97,0.0
2026-05-03 00:00:00,16.4,1.89,0.0
2026-05-03 00:15:00,16.1,1.89,0.0
2026-05-03 00:30:00,15.9,1.83,0.0
2026-05-03 00:45:00,15.6,1.83,0.0
2026-05-03 01:00:00,15.3,1.81,0.0
2026-05-03 01:15:00,15.0,1.78,0.0
2026-05-03 01:30:00,14.7,1.69,0.0
2026-05-03 01:45:00,14.5,1.64,0.0
2026-05-03 02:00:00,14.2,1.58,0.0
2026-05-03 02:15:00,13.9,1.53,0.0
2026-05-03 02:30:00,13.6,1.44,0.0
2026-05-03 02:45:00,13.3,1.36,0.0
2026-05-03 03:00:00,13.0,1.28,0.0
2026-05-03 03:15:00,12.9,1.28,0.0
2026-05-03 03:30:00,12.8,1.28,0.0
2026-05-03 03:45:00,12.7,1.31,0.0
2026-05-03 04:00:00,12.6,1.31,0.0
2026-05-03 04:15:00,12.3,1.31,0.0
2026-05-03 04:30:00,12.0,1.33,0.0
2026-05-03 04:45:00,11.7,1.33,0.0
2026-05-03 05:00:00,11.5,1.33,0.0
2026-05-03 05:15:00,11.3,1.33,0.0
2026-05-03 05:30:00,11.2,1.39,0.0
2026-05-03 05:45:00,11.2,1.44,0.0
2026-05-03 06:00:00,11.2,1.5,27.05
2026-05-03 06:15:00,11.2,1.56,436.02
2026-05-03 06:30:00,11.4,1.64,900.0
2026-05-03 06:45:00,11.5,1.69,900.0
2026-05-03 07:00:00,11.8,1.64,900.0
2026-05-03 07:15:00,12.2,1.56,900.0
2026-05-03 07:30:00,12.7,1.36,900.0
2026-05-03 07:45:00,13.2,1.31,900.0
2026-05-03 08:00:00,13.8,1.25,900.0
2026-05-03 08:15:00,14.5,1.33,900.0
2026-05-03 08:30:00,15.3,1.67,900.0
2026-05-03 08:45:00,16.1,1.92,900.0
2026-05-03 09:00:00,16.9,2.11,900.0
2026-05-03 09:15:00,17.8,2.19,900.0
2026-05-03 09:30:00,18.7,2.17,900.0
2026-05-03 09:45:00,19.6,2.22,900.0
2026-05-03 10:00:00,20.5,2.25,900.0
2026-05-03 10:15:00,21.4,2.39,900.0
2026-05-03 10:30:00,22.3,2.83,900.0
2026-05-03 10:45:00,23.2,3.28,900.0
2026-05-03 11:00:00,23.8,3.61,900.0
2026-05-03 11:15:00,24.3,3.81,900.0
2026-05-03 11:30:00,24.6,3.83,900.0
2026-05-03 11:45:00,24.8,3.83,900.0
2026-05-03 12:00:00,25.0,3.89,900.0
2026-05-03 12:15:00,25.3,3.86,900.0
2026-05-03 12:30:00,25.5,3.89,900.0
2026-05-03 12:45:00,25.7,3.86,900.0
2026-05-03 13:00:00,25.9,3.86,900.0
2026-05-03 13:15:00,26.0,3.94,900.0
2026-05-03 13:30:00,26.1,4.14,900.0
2026-05-03 13:45:00,26.2,4.39,900.0
2026-05-03 14:00:00,26.2,4.64,900.0
2026-05-03 14:15:00,26.3,4.64,900.0
2026-05-03 14:30:00,26.4,4.58,900.0
2026-05-03 14:45:00,26.5,4.5,900.0
2026-05-03 15:00:00,26.5,4.44,900.0
2026-05-03 15:15:00,26.6,4.44,900.0
2026-05-03 15:30:00,26.6,4.5,900.0
2026-05-03 15:45:00,26.6,4.58,900.0
2026-05-03 16:00:00,26.6,4.58,900.0
2026-05-03 16:15:00,26.6,4.56,900.0
2026-05-03 16:30:00,26.6,4.44,900.0
2026-05-03 16:45:00,26.6,4.44,900.0
2026-05-03 17:00:00,26.6,4.44,900.0
2026-05-03 17:15:00,26.5,4.53,900.0
2026-05-03 17:30:00,26.4,4.72,900.0
2026-05-03 17:45:00,26.3,4.92,900.0
2026-05-03 18:00:00,26.2,5.03,900.0
2026-05-03 18:15:00,26.0,4.92,900.0
2026-05-03 18:30:00,25.8,4.83,900.0
2026-05-03 18:45:00,25.5,4.53,900.0
2026-05-03 19:00:00,25.3,4.42,900.0
2026-05-03 19:15:00,25.0,4.31,900.0
2026-05-03 19:30:00,24.6,4.31,900.0
2026-05-03 19:45:00,24.3,4.31,520.18
2026-05-03 20:00:00,23.9,4.22,31.33
2026-05-03 20:15:00,23.4,4.11,0.0
2026-05-03 20:30:00,23.0,4.03,0.0
2026-05-03 20:45:00,22.5,3.83,0.0
2026-05-03 21:00:00,22.0,3.72,0.0
2026-05-03 21:15:00,21.6,3.53,0.0
2026-05-03 21:30:00,21.1,3.31,0.0
2026-05-03 21:45:00,20.6,3.11,0.0
2026-05-03 22:00:00,20.3,3.0,0.0
2026-05-03 22:15:00,20.0,3.0,0.0
2026-05-03 22:30:00,19.9,3.11,0.0
2026-05-03 22:45:00,19.7,3.31,0.0
2026-05-03 23:00:00,19.6,3.42,0.0
2026-05-03 23:15:00,19.3,3.53,0.0
2026-05-03 23:30:00,19.1,3.72,0.0
2026-05-03 23:45:00,18.8,3.83,0.0
2026-05-04 00:00:00,18.6,3.92,0.0
2026-05-04 00:15:00,18.3,3.94,0.0
2026-05-04 00:30:00,18.0,3.86,0.0
2026-05-04 00:45:00,17.7,3.69,0.0
2026-05-04 01:00:00,17.4,3.61,0.0
2026-05-04 01:15:00,17.2,3.53,0.0
2026-05-04 01:30:00,17.0,3.39,0.0
2026-05-04 01:45:00,16.8,3.28,0.0
2026-05-04 02:00:00,16.6,3.17,0.0
2026-05-04 02:15:00,16.3,3.11,0.0
2026-05-04 02:30:00,16.0,3.03,0.0
2026-05-04 02:45:00,15.7,2.97,0.0
2026-05-04 03:00:00,15.5,2.89,0.0
2026-05-04 03:15:00,15.4,2.78,0.0
2026-05-04 03:30:00,15.3,2.56,0.0
2026-05-04 03:45:00,15.2,2.44,0.0
2026-05-04 04:00:00,15.2,2.22,0.0
2026-05-04 04:15:00,15.1,2.0,0.0
2026-05-04 04:30:00,15.0,1.78,0.0
2026-05-04 04:45:00,14.9,1.56,0.0
2026-05-04 05:00:00,14.8,1.36,0.0
2026-05-04 05:15:00,14.8,1.28,0.0
2026-05-04 05:30:00,14.8,1.19,0.0
2026-05-04 05:45:00,14.7,1.17,0.0
2026-05-04 06:00:00,14.8,1.17,0.0
2026-05-04 06:15:00,14.8,1.11,0.0
2026-05-04 06:30:00,14.9,0.97,0.0
2026-05-04 06:45:00,15.1,0.94,242.04
2026-05-04 07:00:00,15.2,0.92,900.0
2026-05-04 07:15:00,15.4,0.94,900.0
2026-05-04 07:30:00,15.6,0.97,900.0
2026-05-04 07:45:00,15.9,1.08,900.0
2026-05-04 08:00:00,16.2,1.08,900.0
2026-05-04 08:15:00,16.6,1.08,900.0
2026-05-04 08:30:00,17.0,1.11,900.0
2026-05-04 08:45:00,17.5,1.11,900.0
2026-05-04 09:00:00,18.0,1.28,900.0
2026-05-04 09:15:00,18.5,1.33,900.0
2026-05-04 09:30:00,19.0,1.5,900.0
2026-05-04 09:45:00,19.5,1.56,900.0
2026-05-04 10:00:00,20.0,1.64,900.0
2026-05-04 10:15:00,20.6,1.64,900.0
2026-05-04 10:30:00,21.1,1.56,900.0
2026-05-04 10:45:00,21.7,1.44,900.0
2026-05-04 11:00:00,22.1,1.44,900.0
2026-05-04 11:15:00,22.4,1.44,900.0
2026-05-04 11:30:00,22.7,1.42,900.0
2026-05-04 11:45:00,22.9,1.5,900.0
2026-05-04 12:00:00,23.1,1.53,900.0
2026-05-04 12:15:00,23.3,1.58,900.0
2026-05-04 12:30:00,23.6,1.56,900.0
2026-05-04 12:45:00,23.9,1.58,900.0
2026-05-04 13:00:00,24.1,1.56,900.0
2026-05-04 13:15:00,24.2,1.56,900.0
2026-05-04 13:30:00,24.4,1.56,900.0
2026-05-04 13:45:00,24.5,1.56,900.0
2026-05-04 14:00:00,24.6,1.56,900.0
2026-05-04 14:15:00,24.7,1.69,900.0
2026-05-04 14:30:00,24.8,1.86,900.0
2026-05-04 14:45:00,25.0,1.97,900.0
2026-05-04 15:00:00,25.1,2.06,900.0
2026-05-04 15:15:00,25.1,2.0,900.0
2026-05-04 15:30:00,25.2,1.83,900.0
2026-05-04 15:45:00,25.2,1.61,900.0
2026-05-04 16:00:00,25.3,1.42,900.0
2026-05-04 16:15:00,25.5,1.33,900.0
2026-05-04 16:30:00,25.7,1.42,900.0
2026-05-04 16:45:00,25.8,1.56,900.0
2026-05-04 17:00:00,25.9,1.78,900.0
2026-05-04 17:15:00,25.9,1.94,900.0
2026-05-04 17:30:00,25.8,1.92,900.0
2026-05-04 17:45:00,25.7,1.89,900.0
2026-05-04 18:00:00,25.5,1.89,900.0
2026-05-04 18:15:00,25.4,1.86,900.0
2026-05-04 18:30:00,25.2,1.94,900.0
2026-05-04 18:45:00,25.0,2.19,863.79
2026-05-04 19:00:00,24.8,2.33,205.16
2026-05-04 19:15:00,24.6,2.22,134.93
2026-05-04 19:30:00,24.5,1.89,0.0
2026-05-04 19:45:00,24.3,1.47,0.0
2026-05-04 20:00:00,24.0,1.19,0.0
2026-05-04 20:15:00,23.7,1.17,0.0
2026-05-04 20:30:00,23.3,1.14,0.0
2026-05-04 20:45:00,22.8,1.22,0.0
2026-05-04 21:00:00,22.5,1.11,0.0
2026-05-04 21:15:00,22.2,0.86,0.0
2026-05-04 21:30:00,22.0,0.72,0.0
2026-05-04 21:45:00,21.8,1.0,0.0
2026-05-04 22:00:00,21.5,1.11,0.0
2026-05-04 22:15:00,21.2,1.0,0.0
2026-05-04 22:30:00,20.9,0.81,0.0
2026-05-04 22:45:00,20.6,0.89,0.0
2026-05-04 23:00:00,20.2,1.03,0.0
2026-05-04 23:15:00,19.8,0.94,0.0
2026-05-04 23:30:00,19.4,0.86,0.0
2026-05-04 23:45:00,19.0,0.89,0.0
2026-05-05 00:00:00,18.7,1.03,0.0
2026-05-05 00:15:00,18.5,1.11,0.0
2026-05-05 00:30:00,18.5,1.14,0.0
2026-05-05 00:45:00,18.5,1.17,0.0
2026-05-05 01:00:00,18.3,1.19,0.0
2026-05-05 01:15:00,18.1,1.19,0.0
2026-05-05 01:30:00,17.7,1.17,0.0
2026-05-05 01:45:00,17.3,1.14,0.0
2026-05-05 02:00:00,17.0,1.11,0.0
2026-05-05 02:15:00,16.8,1.11,0.0
2026-05-05 02:30:00,16.7,1.0,0.0
2026-05-05 02:45:00,16.5,1.0,0.0
2026-05-05 03:00:00,16.4,1.0,0.0
2026-05-05 03:15:00,16.2,1.11,0.0
2026-05-05 03:30:00,16.1,1.19,0.0
2026-05-05 03:45:00,16.0,1.31,0.0
2026-05-05 04:00:00,15.8,1.33,0.0
2026-05-05 04:15:00,15.7,1.31,0.0
2026-05-05 04:30:00,15.5,1.22,0.0
2026-05-05 04:45:00,15.3,1.19,0.0
2026-05-05 05:00:00,15.1,1.31,0.0
2026-05-05 05:15:00,14.8,1.33,0.0
2026-05-05 05:30:00,14.4,1.19,0.0
2026-05-05 05:45:00,14.1,1.19,0.0
2026-05-05 06:00:00,14.0,1.11,0.0
2026-05-05 06:15:00,14.0,1.08,0.0
2026-05-05 06:30:00,14.2,1.06,204.87
2026-05-05 06:45:00,14.4,1.19,307.08
2026-05-05 07:00:00,14.6,1.36,406.44
2026-05-05 07:15:00,14.8,1.53,900.0
2026-05-05 07:30:00,14.9,1.72,774.23
2026-05-05 07:45:00,15.1,1.89,900.0
2026-05-05 08:00:00,15.4,2.0,900.0
2026-05-05 08:15:00,15.7,2.11,900.0
2026-05-05 08:30:00,16.2,2.11,172.68
2026-05-05 08:45:00,16.6,2.0,0.0
2026-05-05 09:00:00,17.1,1.92,160.95
2026-05-05 09:15:00,17.5,1.72,592.73
2026-05-05 09:30:00,17.8,1.44,900.0
2026-05-05 09:45:00,18.2,1.19,585.62
2026-05-05 10:00:00,18.6,1.03,900.0
2026-05-05 10:15:00,19.0,0.86,435.38
2026-05-05 10:30:00,19.5,0.69,900.0
2026-05-05 10:45:00,20.0,0.81,900.0
2026-05-05 11:00:00,20.5,0.86,900.0
2026-05-05 11:15:00,21.1,0.89,900.0
2026-05-05 11:30:00,21.7,1.03,900.0
2026-05-05 11:45:00,22.2,1.19,900.0
2026-05-05 12:00:00,22.8,1.36,900.0
2026-05-05 12:15:00,23.3,1.47,900.0
2026-05-05 12:30:00,23.7,1.5,900.0
2026-05-05 12:45:00,24.1,1.56,900.0
2026-05-05 13:00:00,24.5,1.53,900.0
2026-05-05 13:15:00,24.8,1.33,900.0
2026-05-05 13:30:00,25.1,0.94,900.0
2026-05-05 13:45:00,25.3,0.5,900.0
2026-05-05 14:00:00,25.5,0.22,900.0
2026-05-05 14:15:00,25.7,0.14,900.0
2026-05-05 14:30:00,25.8,0.5,900.0
2026-05-05 14:45:00,25.9,0.92,900.0
2026-05-05 15:00:00,26.0,1.25,900.0
2026-05-05 15:15:00,26.1,1.5,900.0
2026-05-05 15:30:00,26.1,1.81,900.0
2026-05-05 15:45:00,26.0,1.92,900.0
2026-05-05 16:00:00,26.1,2.03,900.0
2026-05-05 16:15:00,26.2,1.83,900.0
2026-05-05 16:30:00,26.4,1.44,900.0
2026-05-05 16:45:00,26.5,1.06,900.0
2026-05-05 17:00:00,26.6,0.92,900.0
2026-05-05 17:15:00,26.4,1.11,900.0
2026-05-05 17:30:00,26.2,1.64,900.0
2026-05-05 17:45:00,25.9,2.19,900.0
2026-05-05 18:00:00,25.7,2.53,900.0
2026-05-05 18:15:00,25.7,2.5,900.0
2026-05-05 18:30:00,25.8,2.28,900.0
2026-05-05 18:45:00,25.8,2.17,900.0
2026-05-05 19:00:00,25.5,2.03,900.0
2026-05-05 19:15:00,24.8,2.17,900.0
2026-05-05 19:30:00,23.7,2.5,900.0
2026-05-05 19:45:00,22.6,3.11,280.27
2026-05-05 20:00:00,21.7,3.44,0.0
2026-05-05 20:15:00,21.0,3.44,0.0
2026-05-05 20:30:00,20.4,3.33,0.0
2026-05-05 20:45:00,20.0,3.11,0.0
2026-05-05 21:00:00,19.5,3.0,0.0
2026-05-05 21:15:00,19.1,3.19,0.0
2026-05-05 21:30:00,18.8,3.61,0.0
2026-05-05 21:45:00,18.5,4.14,0.0
2026-05-05 22:00:00,18.2,4.53,0.0
2026-05-05 22:15:00,17.9,4.58,0.0
2026-05-05 22:30:00,17.6,4.31,0.0
2026-05-05 22:45:00,17.4,3.97,0.0
2026-05-05 23:00:00,17.1,3.61,0.0
2026-05-05 23:15:00,16.8,3.25,0.0
2026-05-05 23:30:00,16.5,2.89,0.0
2026-05-05 23:45:00,16.1,2.47,0.0
2026-05-06 00:00:00,15.8,2.0,0.0
2026-05-06 00:15:00,15.6,1.61,0.0
2026-05-06 00:30:00,15.4,1.39,0.0
2026-05-06 00:45:00,15.2,1.53,0.0
2026-05-06 01:00:00,15.0,1.78,0.0
2026-05-06 01:15:00,14.8,2.06,0.0
2026-05-06 01:30:00,14.6,2.28,0.0
2026-05-06 01:45:00,14.4,2.42,0.0
2026-05-06 02:00:00,14.2,2.42,0.0
2026-05-06 02:15:00,14.1,2.25,0.0
2026-05-06 02:30:00,13.9,1.92,0.0
2026-05-06 02:45:00,13.8,1.69,0.0
2026-05-06 03:00:00,13.7,1.5,0.0
2026-05-06 03:15:00,13.6,1.44,0.0
2026-05-06 03:30:00,13.5,1.5,0.0
2026-05-06 03:45:00,13.4,1.5,0.0
2026-05-06 04:00:00,13.3,1.42,0.0
2026-05-06 04:15:00,13.3,0.97,0.0
2026-05-06 04:30:00,13.3,0.72,0.0
2026-05-06 04:45:00,13.2,1.08,0.0
2026-05-06 05:00:00,13.2,1.39,0.0
2026-05-06 05:15:00,13.1,1.36,0.0
2026-05-06 05:30:00,12.9,1.36,0.0
2026-05-06 05:45:00,12.8,1.69,0.0
2026-05-06 06:00:00,12.8,2.06,0.0
2026-05-06 06:15:00,12.8,2.06,0.0
2026-05-06 06:30:00,12.8,1.83,0.0
2026-05-06 06:45:00,12.9,1.5,0.0
2026-05-06 07:00:00,13.1,1.39,900.0
2026-05-06 07:15:00,13.4,1.39,900.0
2026-05-06 07:30:00,13.7,1.44,900.0
2026-05-06 07:45:00,14.1,1.64,900.0
2026-05-06 08:00:00,14.5,1.69,900.0
2026-05-06 08:15:00,14.9,1.69,900.0
2026-05-06 08:30:00,15.4,1.64,900.0
2026-05-06 08:45:00,15.9,1.64,900.0
2026-05-06 09:00:00,16.4,1.78,900.0
2026-05-06 09:15:00,16.9,2.19,900.0
2026-05-06 09:30:00,17.5,2.89,900.0
2026-05-06 09:45:00,18.1,3.53,900.0
2026-05-06 10:00:00,18.6,3.97,900.0
2026-05-06 10:15:00,19.0,4.11,900.0
2026-05-06 10:30:00,19.3,4.06,900.0
2026-05-06 10:45:00,19.6,3.92,900.0
2026-05-06 11:00:00,19.8,3.81,900.0
2026-05-06 11:15:00,20.0,3.81,900.0
2026-05-06 11:30:00,20.1,3.72,900.0
2026-05-06 11:45:00,20.3,3.69,900.0
2026-05-06 12:00:00,20.5,3.69,900.0
2026-05-06 12:15:00,20.8,3.69,738.53
2026-05-06 12:30:00,21.1,3.72,721.0
2026-05-06 12:45:00,21.5,3.81,900.0
2026-05-06 13:00:00,21.8,3.81,900.0
2026-05-06 13:15:00,22.1,3.92,900.0
2026-05-06 13:30:00,22.2,3.97,900.0
2026-05-06 13:45:00,22.4,4.11,900.0
2026-05-06 14:00:00,22.6,4.17,900.0
2026-05-06 14:15:00,22.8,4.25,900.0
2026-05-06 14:30:00,23.0,4.25,900.0
2026-05-06 14:45:00,23.2,4.25,900.0
2026-05-06 15:00:00,23.4,4.25,900.0
2026-05-06 15:15:00,23.6,4.25,900.0
2026-05-06 15:30:00,23.7,4.25,900.0
2026-05-06 15:45:00,23.9,4.17,900.0
2026-05-06 16:00:00,23.9,4.06,900.0
2026-05-06 16:15:00,23.9,3.83,900.0
2026-05-06 16:30:00,23.9,3.69,900.0
2026-05-06 16:45:00,23.9,3.42,900.0
2026-05-06 17:00:00,23.8,3.19,900.0
2026-05-06 17:15:00,23.8,2.97,900.0
2026-05-06 17:30:00,23.8,2.78,900.0
2026-05-06 17:45:00,23.8,2.56,900.0
2026-05-06 18:00:00,23.5,2.47,900.0
2026-05-06 18:15:00,23.0,2.69,0.0
2026-05-06 18:30:00,22.3,3.19,0.0
2026-05-06 18:45:00,21.5,3.53,0.0
2026-05-06 19:00:00,20.7,3.75,0.0
2026-05-06 19:15:00,20.1,3.78,0.0
2026-05-06 19:30:00,19.4,3.78,0.0
2026-05-06 19:45:00,18.8,3.53,0.0
2026-05-06 20:00:00,18.2,3.11,0.0
2026-05-06 20:15:00,17.8,2.03,0.0
2026-05-06 20:30:00,17.5,0.5,0.0
2026-05-06 20:45:00,17.2,1.11,0.0
2026-05-06 21:00:00,16.9,2.11,0.0
2026-05-06 21:15:00,16.7,2.31,0.0
2026-05-06 21:30:00,16.5,2.17,0.0
2026-05-06 21:45:00,16.3,1.97,0.0
2026-05-06 22:00:00,16.1,1.92,0.0
2026-05-06 22:15:00,15.8,1.72,0.0
2026-05-06 22:30:00,15.5,1.53,0.0
2026-05-06 22:45:00,15.2,1.42,0.0
2026-05-06 23:00:00,14.9,1.42,0.0
2026-05-06 23:15:00,14.8,1.44,0.0
2026-05-06 23:30:00,14.7,1.42,0.0
2026-05-06 23:45:00,14.7,1.42,0.0
2026-05-07 00:00:00,14.6,1.5,0.0
2026-05-07 00:15:00,14.4,1.72,0.0
2026-05-07 00:30:00,14.2,2.17,0.0
2026-05-07 00:45:00,14.0,2.5,0.0
2026-05-07 01:00:00,13.8,2.58,0.0
2026-05-07 01:15:00,13.8,2.36,0.0
2026-05-07 01:30:00,13.7,1.81,0.0
2026-05-07 01:45:00,13.7,1.36,0.0
2026-05-07 02:00:00,13.7,1.28,0.0
2026-05-07 02:15:00,13.7,1.42,0.0
2026-05-07 02:30:00,13.6,1.64,0.0
2026-05-07 02:45:00,13.6,1.83,0.0
2026-05-07 03:00:00,13.6,1.97,0.0
2026-05-07 03:15:00,13.6,1.97,0.0
2026-05-07 03:30:00,13.6,2.11,0.0
2026-05-07 03:45:00,13.6,2.06,0.0
2026-05-07 04:00:00,13.5,1.94,0.0
2026-05-07 04:15:00,13.5,1.44,0.0
2026-05-07 04:30:00,13.4,1.11,0.0
2026-05-07 04:45:00,13.3,1.69,0.0
2026-05-07 05:00:00,13.2,2.19,0.0
2026-05-07 05:15:00,13.0,2.33,0.0
2026-05-07 05:30:00,12.8,2.36,0.0
2026-05-07 05:45:00,12.6,2.28,0.0
2026-05-07 06:00:00,12.4,2.25,0.0
2026-05-07 06:15:00,12.2,2.28,0.0
2026-05-07 06:30:00,12.1,2.33,0.0
2026-05-07 06:45:00,12.0,2.39,0.0
2026-05-07 07:00:00,11.9,2.39,0.0
2026-05-07 07:15:00,11.8,2.42,0.0
2026-05-07 07:30:00,11.9,2.36,0.0
2026-05-07 07:45:00,11.9,2.28,0.0
2026-05-07 08:00:00,11.8,2.22,0.0
2026-05-07 08:15:00,11.7,2.08,0.0
2026-05-07 08:30:00,11.5,2.03,0.0
2026-05-07 08:45:00,11.4,1.92,0.0
2026-05-07 09:00:00,11.3,1.89,0.0
2026-05-07 09:15:00,11.4,1.89,0.0
2026-05-07 09:30:00,11.5,1.81,0.0
2026-05-07 09:45:00,11.6,1.81,0.0
2026-05-07 10:00:00,11.7,1.81,0.0
2026-05-07 10:15:00,11.8,1.81,0.0
2026-05-07 10:30:00,11.9,1.92,566.52
2026-05-07 10:45:00,12.1,2.0,165.87
2026-05-07 11:00:00,12.2,2.17,199.23
2026-05-07 11:15:00,12.3,2.25,0.0
2026-05-07 11:30:00,12.4,2.28,0.0
2026-05-07 11:45:00,12.5,2.33,10.69
2026-05-07 12:00:00,12.6,2.42,384.87
2026-05-07 12:15:00,12.7,2.44,275.38
2026-05-07 12:30:00,12.8,2.47,0.0
2026-05-07 12:45:00,12.8,2.5,403.74
2026-05-07 13:00:00,12.8,2.53,139.89
2026-05-07 13:15:00,12.7,2.5,132.18
2026-05-07 13:30:00,12.6,2.44,400.61
2026-05-07 13:45:00,12.5,2.42,900.0
2026-05-07 14:00:00,12.4,2.42,856.93
2026-05-07 14:15:00,12.4,2.42,279.73
2026-05-07 14:30:00,12.4,2.42,640.81
2026-05-07 14:45:00,12.4,2.56,72.93
2026-05-07 15:00:00,12.5,2.58,663.28
2026-05-07 15:15:00,12.5,2.58,529.49
2026-05-07 15:30:00,12.6,2.72,239.3
2026-05-07 15:45:00,12.7,2.75,522.51
2026-05-07 16:00:00,12.7,2.89,715.28
2026-05-07 16:15:00,12.6,2.97,900.0
2026-05-07 16:30:00,12.6,3.03,900.0
2026-05-07 16:45:00,12.5,3.0,900.0
2026-05-07 17:00:00,12.4,3.08,900.0
2026-05-07 17:15:00,12.3,3.17,404.32
2026-05-07 17:30:00,12.3,3.14,0.0
2026-05-07 17:45:00,12.2,3.11,0.0
2026-05-07 18:00:00,12.1,3.11,0.0
2026-05-07 18:15:00,12.0,3.0,0.0
2026-05-07 18:30:00,11.9,2.92,0.0
2026-05-07 18:45:00,11.8,2.83,0.0
2026-05-07 19:00:00,11.7,2.78,0.0
2026-05-07 19:15:00,11.6,2.67,0.0
2026-05-07 19:30:00,11.5,2.47,0.0
2026-05-07 19:45:00,11.4,2.36,0.0
2026-05-07 20:00:00,11.3,2.22,0.0
2026-05-07 20:15:00,11.2,2.22,0.0
2026-05-07 20:30:00,11.1,2.42,0.0
2026-05-07 20:45:00,11.0,2.5,0.0
2026-05-07 21:00:00,10.9,2.5,0.0
2026-05-07 21:15:00,10.8,2.42,0.0
2026-05-07 21:30:00,10.8,2.22,0.0
2026-05-07 21:45:00,10.7,2.06,0.0
2026-05-07 22:00:00,10.6,2.0,0.0
2026-05-07 22:15:00,10.5,1.97,0.0
2026-05-07 22:30:00,10.4,2.14,0.0
2026-05-07 22:45:00,10.3,2.22,0.0
2026-05-07 23:00:00,10.2,2.31,0.0
2026-05-07 23:15:00,10.2,2.31,0.0
2026-05-07 23:30:00,10.1,2.31,0.0
2026-05-07 23:45:00,10.1,2.31,0.0
