probka;u;y_real;y_model;error
1;1.0000;7.1000;2.8171;4.2829
2;1.0000;7.1000;6.3209;0.7791
3;1.0000;5.0000;6.3209;-1.3209
4;1.0000;7.1000;4.9059;2.1941
5;1.0000;7.1000;6.3209;0.7791
6;1.0000;7.0000;6.3209;0.6791
7;1.0000;7.1000;6.2535;0.8465
8;1.0000;2.3000;6.3209;-4.0209
9;1.0000;7.1000;3.0866;4.0134
10;1.0000;7.0000;6.3209;0.6791
11;1.0000;7.1000;6.2535;0.8465
12;1.0000;7.1000;6.3209;0.7791
13;1.0000;3.9000;6.3209;-2.4209
14;1.0000;5.4000;4.1647;1.2353
15;1.0000;7.1000;5.1754;1.9246
16;1.0000;7.1000;6.3209;0.7791
17;1.0000;7.0000;6.3209;0.6791
18;1.0000;7.1000;6.2535;0.8465
19;1.0000;3.9000;6.3209;-2.4209
20;1.0000;7.1000;4.1647;2.9353
21;1.0000;3.9000;6.3209;-2.4209
22;1.0000;7.1000;4.1647;2.9353
23;1.0000;2.5000;6.3209;-3.8209
24;1.0000;7.1000;3.2214;3.8786
25;1.0000;7.1000;6.3209;0.7791
26;1.0000;7.0000;6.3209;0.6791
27;1.0000;7.1000;6.2535;0.8465
28;1.0000;3.9000;6.3209;-2.4209
29;1.0000;7.1000;4.1647;2.9353
30;1.0000;5.1000;6.3209;-1.2209
31;1.0000;7.1000;4.9733;2.1267
32;1.0000;7.1000;6.3209;0.7791
33;1.0000;7.0000;6.3209;0.6791
34;1.0000;7.1000;6.2535;0.8465
35;2.0000;4.5000;6.3209;-1.8209
36;2.0000;4.5000;6.1058;-1.6058
37;2.0000;7.1000;6.1058;0.9942
38;2.0000;7.1000;7.8578;-0.7578
39;1.0000;1.5000;7.8578;-6.3578
40;1.0000;7.1000;2.5476;4.5524
41;1.0000;7.1000;6.3209;0.7791
42;1.0000;7.0000;6.3209;0.6791
43;1.0000;7.1000;6.2535;0.8465
44;1.0000;3.9000;6.3209;-2.4209
45;1.0000;7.1000;4.1647;2.9353
46;1.0000;3.1000;6.3209;-3.2209
47;1.0000;7.1000;3.6257;3.4743
48;1.0000;7.1000;6.3209;0.7791
49;1.0000;7.0000;6.3209;0.6791
50;1.0000;7.1000;6.2535;0.8465
51;1.0000;4.9000;6.3209;-1.4209
52;1.0000;7.1000;4.8385;2.2615
53;1.0000;7.1000;6.3209;0.7791
54;1.0000;7.0000;6.3209;0.6791
55;1.0000;7.1000;6.2535;0.8465
56;1.0000;3.9000;6.3209;-2.4209
57;1.0000;7.1000;4.1647;2.9353
58;1.0000;3.9000;6.3209;-2.4209
59;1.0000;7.1000;4.1647;2.9353
60;1.0000;3.9000;6.3209;-2.4209
61;1.0000;7.1000;4.1647;2.9353
62;1.0000;3.9000;6.3209;-2.4209
63;1.0000;7.1000;4.1647;2.9353
64;1.0000;3.7000;6.3209;-2.6209
65;1.0000;7.1000;4.0300;3.0700
66;1.0000;3.2000;6.3209;-3.1209
67;1.0000;7.1000;3.6930;3.4070
68;1.0000;3.7000;6.3209;-2.6209
69;1.0000;7.1000;4.0300;3.0700
70;1.0000;7.0000;6.3209;0.6791
71;1.0000;7.1000;6.2535;0.8465
72;1.0000;7.1000;6.3209;0.7791
73;1.0000;6.3000;6.3209;-0.0209
74;1.0000;7.1000;5.7819;1.3181
75;1.0000;3.9000;6.3209;-2.4209
76;1.0000;7.1000;4.1647;2.9353
77;1.0000;4.4000;6.3209;-1.9209
78;1.0000;7.1000;4.5016;2.5984
79;1.0000;7.1000;6.3209;0.7791
80;1.0000;6.8000;6.3209;0.4791
81;1.0000;7.1000;6.1188;0.9812
82;1.0000;5.6000;6.3209;-0.7209
83;1.0000;7.1000;5.3102;1.7898
84;1.0000;7.1000;6.3209;0.7791
85;1.0000;7.0000;6.3209;0.6791
86;1.0000;7.1000;6.2535;0.8465
87;1.0000;3.8000;6.3209;-2.5209
88;1.0000;7.1000;4.0973;3.0027
89;1.0000;5.0000;6.3209;-1.3209
90;1.0000;7.1000;4.9059;2.1941
91;1.0000;7.1000;6.3209;0.7791
92;1.0000;4.7000;6.3209;-1.6209
93;1.0000;7.1000;4.7038;2.3962
94;1.0000;2.9000;6.3209;-3.4209
95;1.0000;7.1000;3.4909;3.6091
96;1.0000;7.1000;6.3209;0.7791
97;1.0000;3.8000;6.3209;-2.5209
98;1.0000;7.1000;4.0973;3.0027
99;1.0000;3.3000;6.3209;-3.0209
100;1.0000;7.1000;3.7604;3.3396
101;1.0000;2.9000;6.3209;-3.4209
102;1.0000;7.1000;3.4909;3.6091
103;1.0000;7.1000;6.3209;0.7791
104;1.0000;2.9000;6.3209;-3.4209
105;1.0000;7.1000;3.4909;3.6091
106;1.0000;7.1000;6.3209;0.7791
107;2.0000;5.3000;6.3209;-1.0209
108;1.0000;3.9000;6.6449;-2.7449
109;1.0000;7.1000;4.1647;2.9353
110;1.0000;3.9000;6.3209;-2.4209
111;1.0000;7.1000;4.1647;2.9353
112;1.0000;3.9000;6.3209;-2.4209
113;1.0000;7.1000;4.1647;2.9353
114;1.0000;3.9000;6.3209;-2.4209
115;1.0000;7.1000;4.1647;2.9353
116;1.0000;3.9000;6.3209;-2.4209
117;1.0000;7.1000;4.1647;2.9353
118;1.0000;4.7000;6.3209;-1.6209
119;1.0000;7.1000;4.7038;2.3962
120;1.0000;7.1000;6.3209;0.7791
121;1.0000;5.6000;6.3209;-0.7209
122;1.0000;7.1000;5.3102;1.7898
123;1.0000;7.1000;6.3209;0.7791
124;1.0000;2.8000;6.3209;-3.5209
125;1.0000;1.6000;3.4235;-1.8235
126;1.0000;7.1000;2.6149;4.4851
127;1.0000;7.1000;6.3209;0.7791
128;1.0000;7.0000;6.3209;0.6791
129;1.0000;7.1000;6.2535;0.8465
130;1.0000;3.9000;6.3209;-2.4209
131;1.0000;7.1000;4.1647;2.9353
132;1.0000;3.2000;6.3209;-3.1209
133;1.0000;7.1000;3.6930;3.4070
134;1.0000;7.1000;6.3209;0.7791
135;1.0000;7.0000;6.3209;0.6791
136;1.0000;7.1000;6.2535;0.8465
137;1.0000;3.9000;6.3209;-2.4209
138;1.0000;7.1000;4.1647;2.9353
139;1.0000;3.9000;6.3209;-2.4209
140;1.0000;1.6000;4.1647;-2.5647
141;1.0000;7.1000;2.6149;4.4851
142;1.0000;7.1000;6.3209;0.7791
143;1.0000;7.0000;6.3209;0.6791
144;1.0000;7.1000;6.2535;0.8465
145;1.0000;-10.0000;6.3209;-16.3209
146;1.0000;-7.9000;-5.2013;-2.6987
147;1.0000;-12.1000;-3.7863;-8.3137
148;1.0000;-7.9000;-6.6163;-1.2837
149;1.0000;-12.1000;-3.7863;-8.3137
150;1.0000;-7.9000;-6.6163;-1.2837
151;1.0000;-12.1000;-3.7863;-8.3137
152;1.0000;-7.9000;-6.6163;-1.2837
153;1.0000;-10.0000;-3.7863;-6.2137
154;1.0000;-7.9000;-5.2013;-2.6987
155;1.0000;-12.1000;-3.7863;-8.3137
156;1.0000;-7.9000;-6.6163;-1.2837
157;1.0000;-12.1000;-3.7863;-8.3137
158;1.0000;-7.9000;-6.6163;-1.2837
159;1.0000;-12.1000;-3.7863;-8.3137
160;1.0000;-7.9000;-6.6163;-1.2837
161;1.0000;-12.1000;-3.7863;-8.3137
162;1.0000;-7.9000;-6.6163;-1.2837
163;1.0000;-12.1000;-3.7863;-8.3137
164;1.0000;-7.9000;-6.6163;-1.2837
165;1.0000;-12.1000;-3.7863;-8.3137
166;1.0000;-7.9000;-6.6163;-1.2837
167;1.0000;-10.5000;-3.7863;-6.7137
168;1.0000;-7.9000;-5.5382;-2.3618
169;1.0000;-5.1000;-3.7863;-1.3137
170;1.0000;2.9000;-1.8996;4.7996
171;1.0000;0.7000;3.4909;-2.7909
172;1.0000;7.0000;2.0085;4.9915
173;1.0000;-0.6000;6.2535;-6.8535
174;1.0000;2.9000;1.1326;1.7674
175;1.0000;8.2000;3.4909;4.7091
176;1.0000;0.6000;7.0621;-6.4621
177;1.0000;2.9000;1.9411;0.9589
178;1.0000;0.4000;3.4909;-3.0909
179;1.0000;1.3000;1.8064;-0.5064
180;1.0000;2.2000;2.4128;-0.2128
181;1.0000;3.1000;3.0192;0.0808
182;1.0000;1.8000;3.6257;-1.8257
183;1.0000;3.0000;2.7497;0.2503
184;1.0000;4.5000;3.5583;0.9417
185;1.0000;6.9000;4.5690;2.3310
186;1.0000;6.8000;6.1862;0.6138
187;1.0000;6.8000;6.1188;0.6812
188;1.0000;4.0000;6.1188;-2.1188
189;1.0000;4.2000;4.2321;-0.0321
190;1.0000;4.2000;4.3669;-0.1669
191;1.0000;5.4000;4.3669;1.0331
192;1.0000;5.1000;5.1754;-0.0754
193;1.0000;4.5000;4.9733;-0.4733
194;1.0000;4.5000;4.5690;-0.0690
195;1.0000;4.2000;4.5690;-0.3690
196;1.0000;2.4000;4.3669;-1.9669
197;1.0000;3.9000;3.1540;0.7460
198;1.0000;3.9000;4.1647;-0.2647
199;1.0000;4.0000;4.1647;-0.1647
200;1.0000;5.3000;4.2321;1.0679
201;1.0000;4.3000;5.1081;-0.8081
202;1.0000;5.5000;4.4342;1.0658
203;1.0000;3.9000;5.2428;-1.3428
204;1.0000;3.9000;4.1647;-0.2647
205;1.0000;2.4000;4.1647;-1.7647
206;1.0000;3.9000;3.1540;0.7460
207;1.0000;4.5000;4.1647;0.3353
208;1.0000;3.9000;4.5690;-0.6690
209;1.0000;3.9000;4.1647;-0.2647
210;1.0000;4.0000;4.1647;-0.1647
211;1.0000;3.9000;4.2321;-0.3321
212;1.0000;7.0000;4.1647;2.8353
213;1.0000;7.0000;6.2535;0.7465
214;1.0000;7.0000;6.2535;0.7465
215;1.0000;7.0000;6.2535;0.7465
216;1.0000;7.0000;6.2535;0.7465
217;1.0000;7.0000;6.2535;0.7465
218;1.0000;7.0000;6.2535;0.7465
219;1.0000;7.0000;6.2535;0.7465
220;1.0000;5.6000;6.2535;-0.6535
221;1.0000;7.0000;5.3102;1.6898
222;1.0000;7.0000;6.2535;0.7465
223;1.0000;7.0000;6.2535;0.7465
224;1.0000;7.0000;6.2535;0.7465
225;1.0000;7.0000;6.2535;0.7465
226;1.0000;7.0000;6.2535;0.7465
227;1.0000;7.0000;6.2535;0.7465
228;1.0000;7.0000;6.2535;0.7465
229;1.0000;7.0000;6.2535;0.7465
230;1.0000;7.0000;6.2535;0.7465
231;1.0000;7.0000;6.2535;0.7465
232;1.0000;7.0000;6.2535;0.7465
233;1.0000;7.0000;6.2535;0.7465
234;1.0000;7.0000;6.2535;0.7465
235;1.0000;7.0000;6.2535;0.7465
236;1.0000;7.0000;6.2535;0.7465
237;1.0000;7.0000;6.2535;0.7465
238;1.0000;7.0000;6.2535;0.7465
239;1.0000;7.0000;6.2535;0.7465
240;1.0000;7.0000;6.2535;0.7465
241;1.0000;7.0000;6.2535;0.7465
242;1.0000;7.0000;6.2535;0.7465
243;1.0000;7.0000;6.2535;0.7465
244;1.0000;7.0000;6.2535;0.7465
245;1.0000;7.0000;6.2535;0.7465
246;1.0000;1.4000;6.2535;-4.8535
247;1.0000;7.0000;2.4802;4.5198
248;1.0000;7.0000;6.2535;0.7465
249;1.0000;7.0000;6.2535;0.7465
250;1.0000;1.8000;6.2535;-4.4535
251;1.0000;7.0000;2.7497;4.2503
252;1.0000;7.0000;6.2535;0.7465
253;1.0000;7.0000;6.2535;0.7465
254;1.0000;4.8000;6.2535;-1.4535
255;1.0000;7.1000;4.7711;2.3289
256;1.0000;4.4000;6.3209;-1.9209
257;1.0000;7.1000;4.5016;2.5984
258;1.0000;4.2000;6.3209;-2.1209
259;1.0000;7.1000;4.3669;2.7331
260;1.0000;4.9000;6.3209;-1.4209
261;1.0000;7.1000;4.8385;2.2615
262;1.0000;4.4000;6.3209;-1.9209
263;1.0000;7.1000;4.5016;2.5984
264;1.0000;5.6000;6.3209;-0.7209
265;1.0000;7.1000;5.3102;1.7898
266;1.0000;5.6000;6.3209;-0.7209
267;1.0000;7.1000;5.3102;1.7898
268;1.0000;4.9000;6.3209;-1.4209
269;1.0000;7.1000;4.8385;2.2615
270;1.0000;6.3000;6.3209;-0.0209
271;1.0000;7.1000;5.7819;1.3181
272;1.0000;5.5000;6.3209;-0.8209
273;1.0000;7.1000;5.2428;1.8572
274;1.0000;5.3000;6.3209;-1.0209
275;1.0000;7.1000;5.1081;1.9919
276;1.0000;3.0000;6.3209;-3.3209
277;1.0000;7.1000;3.5583;3.5417
278;1.0000;3.9000;6.3209;-2.4209
279;1.0000;7.1000;4.1647;2.9353
280;1.0000;3.9000;6.3209;-2.4209
281;1.0000;7.1000;4.1647;2.9353
282;1.0000;5.3000;6.3209;-1.0209
283;1.0000;7.1000;5.1081;1.9919
284;1.0000;4.1000;6.3209;-2.2209
285;1.0000;7.1000;4.2995;2.8005
286;1.0000;3.9000;6.3209;-2.4209
287;1.0000;7.1000;4.1647;2.9353
288;1.0000;4.6000;6.3209;-1.7209
289;1.0000;7.1000;4.6364;2.4636
290;1.0000;4.5000;6.3209;-1.8209
291;1.0000;7.1000;4.5690;2.5310
292;1.0000;4.3000;6.3209;-2.0209
293;1.0000;7.1000;4.4342;2.6658
294;1.0000;4.4000;6.3209;-1.9209
295;1.0000;7.1000;4.5016;2.5984
296;1.0000;4.9000;6.3209;-1.4209
297;1.0000;7.1000;4.8385;2.2615
298;1.0000;0.3000;6.3209;-6.0209
299;1.0000;7.1000;1.7390;5.3610
300;1.0000;3.9000;6.3209;-2.4209
301;1.0000;7.1000;4.1647;2.9353
302;1.0000;4.6000;6.3209;-1.7209
303;1.0000;7.1000;4.6364;2.4636
304;1.0000;3.5000;6.3209;-2.8209
305;1.0000;7.1000;3.8952;3.2048
306;1.0000;2.2000;6.3209;-4.1209
307;1.0000;7.1000;3.0192;4.0808
308;1.0000;2.0000;6.3209;-4.3209
309;1.0000;7.1000;2.8845;4.2155
310;1.0000;3.9000;6.3209;-2.4209
311;1.0000;7.1000;4.1647;2.9353
312;1.0000;3.9000;6.3209;-2.4209
313;1.0000;7.1000;4.1647;2.9353
314;1.0000;3.9000;6.3209;-2.4209
315;1.0000;7.1000;4.1647;2.9353
316;1.0000;3.9000;6.3209;-2.4209
317;1.0000;7.1000;4.1647;2.9353
318;1.0000;3.9000;6.3209;-2.4209
319;1.0000;7.1000;4.1647;2.9353
320;1.0000;3.9000;6.3209;-2.4209
321;1.0000;7.1000;4.1647;2.9353
322;1.0000;3.9000;6.3209;-2.4209
323;1.0000;7.1000;4.1647;2.9353
324;1.0000;3.9000;6.3209;-2.4209
325;1.0000;7.1000;4.1647;2.9353
326;1.0000;3.9000;6.3209;-2.4209
327;1.0000;7.1000;4.1647;2.9353
328;1.0000;2.8000;6.3209;-3.5209
329;1.0000;7.1000;3.4235;3.6765
330;1.0000;3.9000;6.3209;-2.4209
331;1.0000;7.1000;4.1647;2.9353
332;1.0000;3.9000;6.3209;-2.4209
333;1.0000;7.1000;4.1647;2.9353
334;1.0000;3.9000;6.3209;-2.4209
335;1.0000;7.1000;4.1647;2.9353
336;1.0000;3.9000;6.3209;-2.4209
337;1.0000;7.1000;4.1647;2.9353
338;1.0000;3.9000;6.3209;-2.4209
339;1.0000;7.1000;4.1647;2.9353
340;1.0000;3.9000;6.3209;-2.4209
341;1.0000;7.1000;4.1647;2.9353
342;1.0000;5.8000;6.3209;-0.5209
343;1.0000;7.1000;5.4450;1.6550
344;1.0000;4.7000;6.3209;-1.6209
345;1.0000;7.1000;4.7038;2.3962
346;1.0000;4.6000;6.3209;-1.7209
347;1.0000;7.1000;4.6364;2.4636
348;1.0000;3.9000;6.3209;-2.4209
349;1.0000;7.1000;4.1647;2.9353
350;1.0000;3.9000;6.3209;-2.4209
351;1.0000;7.1000;4.1647;2.9353
352;1.0000;2.3000;6.3209;-4.0209
353;1.0000;7.1000;3.0866;4.0134
354;1.0000;3.5000;6.3209;-2.8209
355;1.0000;7.1000;3.8952;3.2048
356;1.0000;4.1000;6.3209;-2.2209
357;1.0000;7.1000;4.2995;2.8005
358;1.0000;3.9000;6.3209;-2.4209
359;1.0000;4.6000;4.1647;0.4353
360;1.0000;7.1000;4.6364;2.4636
361;1.0000;3.9000;6.3209;-2.4209
362;1.0000;7.1000;4.1647;2.9353
363;1.0000;3.9000;6.3209;-2.4209
364;1.0000;7.1000;4.1647;2.9353
365;1.0000;4.7000;6.3209;-1.6209
366;1.0000;7.1000;4.7038;2.3962
367;1.0000;3.7000;6.3209;-2.6209
368;1.0000;7.1000;4.0300;3.0700
369;1.0000;3.9000;6.3209;-2.4209
370;1.0000;7.1000;4.1647;2.9353
371;1.0000;3.8000;6.3209;-2.5209
372;1.0000;7.1000;4.0973;3.0027
373;1.0000;3.7000;6.3209;-2.6209
374;1.0000;7.1000;4.0300;3.0700
375;1.0000;4.6000;6.3209;-1.7209
376;1.0000;7.1000;4.6364;2.4636
377;1.0000;4.4000;6.3209;-1.9209
378;1.0000;7.1000;4.5016;2.5984
379;1.0000;3.9000;6.3209;-2.4209
380;1.0000;5.0000;4.1647;0.8353
381;1.0000;7.1000;4.9059;2.1941
382;1.0000;3.9000;6.3209;-2.4209
383;1.0000;7.1000;4.1647;2.9353
384;1.0000;3.9000;6.3209;-2.4209
385;1.0000;7.1000;4.1647;2.9353
386;1.0000;6.6000;6.3209;0.2791
387;1.0000;7.1000;5.9840;1.1160
388;1.0000;3.6000;6.3209;-2.7209
389;1.0000;7.1000;3.9626;3.1374
390;1.0000;0.9000;6.3209;-5.4209
391;1.0000;7.1000;2.1433;4.9567
392;1.0000;3.0000;6.3209;-3.3209
393;1.0000;7.1000;3.5583;3.5417
394;1.0000;1.4000;6.3209;-4.9209
395;1.0000;7.1000;2.4802;4.6198
396;1.0000;3.9000;6.3209;-2.4209
397;1.0000;7.1000;4.1647;2.9353
398;1.0000;1.7000;6.3209;-4.6209
399;1.0000;7.1000;2.6823;4.4177
400;1.0000;3.9000;6.3209;-2.4209
401;1.0000;7.1000;4.1647;2.9353
402;1.0000;3.9000;6.3209;-2.4209
403;1.0000;7.1000;4.1647;2.9353
404;1.0000;3.9000;6.3209;-2.4209
405;1.0000;7.1000;4.1647;2.9353
406;1.0000;2.3000;6.3209;-4.0209
407;1.0000;7.1000;3.0866;4.0134
408;1.0000;3.9000;6.3209;-2.4209
409;1.0000;7.1000;4.1647;2.9353
410;1.0000;5.4000;6.3209;-0.9209
411;1.0000;7.1000;5.1754;1.9246
412;1.0000;3.9000;6.3209;-2.4209
413;1.0000;7.1000;4.1647;2.9353
414;1.0000;3.9000;6.3209;-2.4209
415;1.0000;7.1000;4.1647;2.9353
416;1.0000;4.3000;6.3209;-2.0209
417;1.0000;7.1000;4.4342;2.6658
418;1.0000;4.4000;6.3209;-1.9209
419;1.0000;7.1000;4.5016;2.5984
420;1.0000;3.9000;6.3209;-2.4209
421;1.0000;7.1000;4.1647;2.9353
422;1.0000;3.9000;6.3209;-2.4209
423;1.0000;7.1000;4.1647;2.9353
424;1.0000;4.5000;6.3209;-1.8209
425;1.0000;7.1000;4.5690;2.5310
426;1.0000;2.6000;6.3209;-3.7209
427;1.0000;7.1000;3.2888;3.8112
428;1.0000;3.9000;6.3209;-2.4209
429;1.0000;7.1000;4.1647;2.9353
430;1.0000;2.6000;6.3209;-3.7209
431;1.0000;7.1000;3.2888;3.8112
432;1.0000;3.9000;6.3209;-2.4209
433;1.0000;2.7000;4.1647;-1.4647
434;1.0000;7.1000;3.3561;3.7439
435;1.0000;3.9000;6.3209;-2.4209
436;1.0000;3.7000;4.1647;-0.4647
437;1.0000;7.1000;4.0300;3.0700
438;1.0000;3.9000;6.3209;-2.4209
439;1.0000;7.1000;4.1647;2.9353
440;1.0000;2.8000;6.3209;-3.5209
441;1.0000;7.1000;3.4235;3.6765
442;1.0000;3.3000;6.3209;-3.0209
443;1.0000;7.1000;3.7604;3.3396
444;1.0000;5.1000;6.3209;-1.2209
445;1.0000;7.1000;4.9733;2.1267
446;1.0000;4.3000;6.3209;-2.0209
447;1.0000;7.1000;4.4342;2.6658
448;1.0000;3.9000;6.3209;-2.4209
449;1.0000;7.1000;4.1647;2.9353
450;1.0000;4.9000;6.3209;-1.4209
451;1.0000;7.1000;4.8385;2.2615
452;1.0000;3.8000;6.3209;-2.5209
453;1.0000;7.1000;4.0973;3.0027
454;1.0000;3.9000;6.3209;-2.4209
455;1.0000;7.1000;4.1647;2.9353
456;1.0000;6.0000;6.3209;-0.3209
457;1.0000;7.1000;5.5797;1.5203
458;1.0000;4.2000;6.3209;-2.1209
459;1.0000;7.1000;4.3669;2.7331
460;1.0000;3.5000;6.3209;-2.8209
461;1.0000;7.1000;3.8952;3.2048
462;1.0000;3.1000;6.3209;-3.2209
463;1.0000;7.1000;3.6257;3.4743
464;1.0000;4.7000;6.3209;-1.6209
465;1.0000;7.1000;4.7038;2.3962
466;1.0000;1.4000;6.3209;-4.9209
467;1.0000;7.1000;2.4802;4.6198
468;1.0000;3.9000;6.3209;-2.4209
469;1.0000;7.1000;4.1647;2.9353
470;1.0000;3.9000;6.3209;-2.4209
471;1.0000;7.1000;4.1647;2.9353
472;1.0000;0.0000;6.3209;-6.3209
473;1.0000;0.0000;1.5368;-1.5368
474;1.0000;0.1000;1.5368;-1.4368
475;1.0000;7.1000;1.6042;5.4958
476;1.0000;3.9000;6.3209;-2.4209
477;1.0000;7.1000;4.1647;2.9353
478;1.0000;3.9000;6.3209;-2.4209
479;1.0000;7.1000;4.1647;2.9353
480;1.0000;3.9000;6.3209;-2.4209
481;1.0000;7.1000;4.1647;2.9353
482;1.0000;3.9000;6.3209;-2.4209
483;1.0000;7.1000;4.1647;2.9353
484;1.0000;3.9000;6.3209;-2.4209
485;1.0000;4.1000;4.1647;-0.0647
486;1.0000;7.1000;4.2995;2.8005
487;1.0000;4.4000;6.3209;-1.9209
488;1.0000;7.1000;4.5016;2.5984
489;1.0000;3.7000;6.3209;-2.6209
490;1.0000;7.1000;4.0300;3.0700
491;1.0000;2.9000;6.3209;-3.4209
492;1.0000;7.1000;3.4909;3.6091
