kanal,model,typ,R2,adj_R2,AIC,RMSE,L,parametry
PWR,FOLP,brak L,0.9952226293644247,0.9952025984602924,-208.36207247499863,0.8015479429728493,,"[46.6258, 167.9805]"
PWR,FOLP_Z,brak L,0.9976333827156468,0.9976184670604934,-543.5278434452097,0.5641557929902458,,"[48.0667, 190.1206, 9.0356]"
PWR,SOSP,brak L,0.9952226287875829,0.9951925193051517,-206.36201451758419,0.801547991364149,,"[46.6257, 167.9803, 0.0]"
PWR,SOSP_Z,brak L,0.9976333827307294,0.9976134533221461,-541.5278465042768,0.5641557911925474,,"[48.0669, 190.1229, -50.8295, 9.0361]"
PWR,TOSP,brak L,0.9952226282110327,0.9951823977117572,-204.3619565894721,0.8015480397309858,,"[46.6258, 167.9805, 0.0, 0.0]"
PWR,FOSP,brak L,0.9952218327864986,0.9951612217859045,-200.28204403254298,0.8016147651678812,,"[46.626, 167.9818, 0.0007, 0.0007, 0.0, 0.0]"
PWR,FOLPD,BŁĄD,,-inf,,,,
PWR,FOLPD_Z,BŁĄD,,-inf,,,,
PWR,SOSPD,BŁĄD,,-inf,,,,
PWR,TOSPD,BŁĄD,,-inf,,,,
AT,I,brak L,-0.3959851193673214,-0.39599361406793077,773914.3867878311,10.53429511836746,,[0.0]
AT,FO,brak L,0.9611270142656534,0.9611265411712336,185412.79459660067,1.7578792347002703,,"[1.1306, 419.2635]"
AT,FO_Z,brak L,0.9691244696157929,0.9691239059674234,147561.90571973549,1.5666511428616734,,"[1.1437, 735.1265, 286.3168]"
AT,SO,brak L,0.9610518777667869,0.9610511667491843,185732.13229867292,1.759577292186472,,"[1.1306, 418.2609, 1.0]"
AT,SO_Z,brak L,0.9690901160797629,0.9690893637078372,147746.65409326102,1.5675224646411188,,"[1.1437, 735.5504, 1.0, 287.5543]"
AT,TO,brak L,-0.5662957472108112,-0.5663338721339177,792837.8417907658,11.158401160688776,,"[0.6001, 1871.3162, 470.4773, 94.2828]"
AT,FOD,BŁĄD,,-inf,,,,
AT,SOD,BŁĄD,,-inf,,,,
DPT,I,brak L,-1.8689662162333436,-1.8689836741623198,892295.4979014186,15.10176832831616,,[-0.0001]
DPT,FO,brak L,-3.526430660356403,-3.5264857482033056,967232.6569277564,18.968938235581764,,"[0.8096, 415.1978]"
DPT,FO_Z,brak L,-3.5124577515071422,-3.5125401286978306,966726.5675214087,18.939637431947276,,"[0.7855, 275.904, -318.083]"
DPT,SO,brak L,-3.518132156635229,-3.518214637415043,966933.092349167,18.951541965653988,,"[0.8154, 240.7697, 242.3595]"
DPT,SO_Z,brak L,-3.014545881403417,-3.0146435987427553,947514.542336691,17.864188774731083,,"[0.3235, 6667.9961, 1060.125, 41941.8679]"
DPT,TO,brak L,-3.8036260959451775,-3.803743020144114,977004.4761215703,19.541130463330326,,"[0.5, 2000.0, 500.0, 100.0]"
DPT,FOD,BŁĄD,,-inf,,,,
DPT,SOD,BŁĄD,,-inf,,,,
RH,I,brak L,-0.3495053084423647,-0.34951352030895766,768349.5310819687,10.357439021877767,,[0.0]
RH,FO,brak L,-0.2667017425576781,-0.26671715864971635,757945.3830344429,10.034650952629752,,"[0.7424, 88351.6107]"
RH,FO_Z,brak L,-0.3061938429503819,-0.30621768817735173,762992.7199610083,10.18987608227646,,"[0.4512, 3626.2967, -4072.2395]"
RH,SO,brak L,-0.41140049489697805,-0.411426260724407,775723.1673155578,10.592298698387856,,"[0.4527, 3314.1748, 1774.5733]"
RH,SO_Z,brak L,-0.22139910623596748,-0.22142883609196073,751964.2819614399,9.853576336029189,,"[0.447, 1232.4452, 1235.7607, -3628.8597]"
RH,TO,brak L,-0.5167432857701266,-0.5167802045456804,787554.7080710923,10.980474988966424,,"[0.398, 2001.0841, 497.9459, 98.0472]"
RH,FOD,BŁĄD,,-inf,,,,
RH,SOD,BŁĄD,,-inf,,,,
PRESS,I,brak L,-0.39562218487725764,-0.3956306773693765,773871.6559005221,10.532925652639191,,[0.0]
PRESS,FO,brak L,-0.005661951855110425,-0.005674191024512609,720021.0229191998,8.941102964552229,,"[0.0172, 1.0]"
PRESS,FO_Z,brak L,-0.0029494938068863608,-0.0029678031554170037,719579.1738087534,8.929036910928104,,"[0.0172, 1257.3024, 1803.1286]"
PRESS,SO,brak L,-0.1253206802554936,-0.12534122355171218,738498.239563484,9.458085518819365,,"[0.0177, 4958.8794, 5163.4058]"
PRESS,SO_Z,brak L,-0.07371071015440789,-0.0737368451537117,730784.9908814562,9.238654565551112,,"[0.0176, 7259.1614, 1804.8546, 2096.3671]"
PRESS,TO,brak L,-2284.219562834729,-2284.275186953143,1990122.99034706,426.2153171085587,,"[0.4461, 2068.5704, 519.8406, 109.4544]"
PRESS,FOD,BŁĄD,,-inf,,,,
PRESS,SOD,BŁĄD,,-inf,,,,
WIATR,I,brak L,-0.5830533251225205,-0.5830629581507378,794580.7319685138,11.217933434804953,,[0.0001]
WIATR,FO,brak L,-1.8975556747918034,-1.8975909388034236,893927.0323157997,15.176826914737108,,"[2.0, 1.0]"
WIATR,FO_Z,brak L,-1.842034623691322,-1.842086506465861,890749.5359989216,15.030719451104238,,"[2.0, 2953.3093, 6216.5784]"
WIATR,SO,brak L,-1.8975788111013294,-1.8976317078630056,893930.3445113472,15.176887506336303,,"[2.0, 1.0, 1.0]"
WIATR,SO_Z,brak L,-1.8074410769320477,-1.8075094123504223,888738.9225658422,14.938961619323816,,"[2.0, 1471.3761, 753.5954, 5404.7719]"
WIATR,TO,brak L,-2.5613096980195733,-2.5613963832184807,927827.5293776626,16.82557666125428,,"[1.3177, 1337.3187, 811.1203, 89.6875]"
WIATR,FOD,BŁĄD,,-inf,,,,
WIATR,SOD,BŁĄD,,-inf,,,,
NASLONECZNIENIE,I,brak L,-0.4687054312086769,-0.4687143684192163,782259.6362344482,10.805190720431062,,[0.0]
NASLONECZNIENIE,FO,brak L,0.4872440680697031,0.48723782769568746,609322.7330558443,6.384405060359199,,"[0.0386, 1953.9772]"
NASLONECZNIENIE,FO_Z,brak L,0.5607290365954698,0.5607210174826252,583904.3536728557,5.909235997735598,,"[0.0403, 2862.4582, 538.1567]"
NASLONECZNIENIE,SO,brak L,0.4868949533620245,0.4868855863707755,609436.5860578474,6.386578131704196,,"[0.0385, 1953.1008, 1.0]"
NASLONECZNIENIE,SO_Z,brak L,0.4634119280332717,0.46339886703950983,616792.73051439,6.531088874880108,,"[0.0398, 2405.7726, 1700.8747, 1592.8462]"
NASLONECZNIENIE,TO,brak L,-253.4456366365026,-253.45183005198547,1629379.6863647674,142.22062746757834,,"[0.3426, 2116.9688, 419.2213, 124.9559]"
NASLONECZNIENIE,FOD,BŁĄD,,-inf,,,,
NASLONECZNIENIE,SOD,BŁĄD,,-inf,,,,
PRECIP,I,brak L,-0.7394025687081198,-0.7394131531361741,810059.1097028832,11.758857842710395,,[0.0049]
PRECIP,FO,brak L,-3.760301246034854,-3.7603591801480496,975511.5547541158,19.452808211011924,,"[2.0, 1.0001]"
PRECIP,FO_Z,brak L,-3.760143417722168,-3.760230316539535,975508.1060192785,19.452485728338356,,"[2.0, 840.0463, 1273.986]"
PRECIP,SO,brak L,-3.756812773190478,-3.7568996112052506,975393.0794346406,19.44567914220478,,"[2.0, 11438.2314, 24530.7303]"
PRECIP,SO_Z,brak L,-3.7585157776748614,-3.7586316038516534,975453.9041725247,19.44915974117801,,"[1.9996, 6365.7667, 8466.1991, 2121.3081]"
PRECIP,TO,brak L,-3.761798850263192,-3.761914756352663,975567.2478224972,19.45586792460823,,"[1.9984, 697.4303, 389.3901, 1258.3547]"
PRECIP,FOD,BŁĄD,,-inf,,,,
PRECIP,SOD,BŁĄD,,-inf,,,,
